method,proportion,avg length
Data splitting,0.5,14.358984897804191
Data splitting,0.5,28.211941675375083
Data splitting,0.5,20.61107253522398
Data splitting,0.5,18.992153550648474
Data splitting,0.5,23.184750125617665
Data splitting,0.5,22.369659718080747
Data splitting,0.5,21.35747559241113
Data splitting,0.5,46.28581304513947
Data splitting,0.5,41.29203670486296
Data splitting,0.5,32.46228222165282
Data splitting,0.5,16.676834671042727
Data splitting,0.5,25.290097511503177
Data splitting,0.5,34.07167761811435
Data splitting,0.5,27.29893492016296
Data splitting,0.5,40.31453865899804
Data splitting,0.5,32.92476101582491
Data splitting,0.5,17.823766075301045
Data splitting,0.5,30.15937431512999
Data splitting,0.5,33.88574663868036
Data splitting,0.5,89.42612667090751
Data splitting,0.5,21.81142885714408
Data splitting,0.5,49.34384013580237
Data splitting,0.5,22.68158800083982
Data splitting,0.5,25.617651962863945
Data splitting,0.5,27.441581439502926
Data splitting,0.5,17.41759279298328
Data splitting,0.5,51.54432835825857
Data splitting,0.5,20.186899258684523
Data splitting,0.5,4958.934360903404
Data splitting,0.5,26.741549617831968
Data splitting,0.5,19.661558309834852
Data splitting,0.5,25.670582910406633
Data splitting,0.5,35.728100083263875
Data splitting,0.5,32.00866171273524
Data splitting,0.5,17.51701080675401
Data splitting,0.5,29.75378738028502
Data splitting,0.5,38.505765971108914
Data splitting,0.5,46.876290036497245
Data splitting,0.5,31.028581414148693
Data splitting,0.5,33.689670609170335
Data splitting,0.5,32.610206566837824
Data splitting,0.5,34.15073504047191
Data splitting,0.5,28.626822755499905
Data splitting,0.5,36.17615284818191
Data splitting,0.5,41.249945058214905
Data splitting,0.5,18.466445611344042
Data splitting,0.5,29.38639604949113
Data splitting,0.5,31.844563790663045
Data splitting,0.5,30.47222770480903
Data splitting,0.5,36.22706182535784
Data splitting,0.5,19.453614816976398
Data splitting,0.5,17.38998343605906
Data splitting,0.5,25.92256876677528
Data splitting,0.5,22.713810737902183
Data splitting,0.5,28.575342802023435
Data splitting,0.5,36.016553312466165
Data splitting,0.5,20.562097498906855
Data splitting,0.5,22.039111757050343
Data splitting,0.5,32.647236534709336
Data splitting,0.5,20.576146242308983
Data splitting,0.5,18.712041463150335
Data splitting,0.5,22.836021728360542
Data splitting,0.5,18.924727824047665
Data splitting,0.5,34.65769295377827
Data splitting,0.5,21.806031269607832
Data splitting,0.5,23.402038535968792
Data splitting,0.5,24.08828721548418
Data splitting,0.5,43.633241651509586
Data splitting,0.5,21.115687796893692
Data splitting,0.5,24.679287468036645
Data splitting,0.5,21.982978880824508
Data splitting,0.5,27.722979400249013
Data splitting,0.5,21.521396432640547
Data splitting,0.5,29.26458477631649
Data splitting,0.5,22.22840948054068
Data splitting,0.5,26.333962766488483
Data splitting,0.5,17.44728148232252
Data splitting,0.5,40.6922255544426
Data splitting,0.5,16.95210063758874
Data splitting,0.5,23.847653576895596
Data splitting,0.5,23.813215219032223
Data splitting,0.5,29.551137907458518
Data splitting,0.5,26.15025377151021
Data splitting,0.5,32.09917961733108
Data splitting,0.5,17.330719787350116
Data splitting,0.5,25.05553442625312
Data splitting,0.5,23.071874991397056
Data splitting,0.5,25.80173885162813
Data splitting,0.5,20.743276443784403
Data splitting,0.5,19.01369900311596
Data splitting,0.5,20.803045304786814
Data splitting,0.5,23.011532088607716
Data splitting,0.5,32.462095917929155
Data splitting,0.5,24.37089393182153
Data splitting,0.5,34.21125613279615
Data splitting,0.5,21.57480470420301
Data splitting,0.5,22.24818486447535
Data splitting,0.5,21.771019089808743
Data splitting,0.5,17.21382192297839
Data splitting,0.5,28.947814659683463
Data splitting,0.5,32.79607940646613
Data splitting,0.5,43.06716878433654
Data splitting,0.5,24.363704456124385
Data splitting,0.5,21.21515974846272
Data splitting,0.5,30.260629725183456
Data splitting,0.5,23.4951678006069
Data splitting,0.5,23.911515569832705
Data splitting,0.5,30.88240234648874
Data splitting,0.5,33.494148784080515
Data splitting,0.5,25.15114266771052
Data splitting,0.5,23.146952112600655
Data splitting,0.5,26.917471632259126
Data splitting,0.5,21.00703521845968
Data splitting,0.5,22.259305591820507
Data splitting,0.5,37.69307410162897
Data splitting,0.5,19.63800055900182
Data splitting,0.5,34.36023766284761
Data splitting,0.5,31.139017944973585
Data splitting,0.5,32.66386732235202
Data splitting,0.5,34.010989694010554
Data splitting,0.5,22.58744138816881
Data splitting,0.5,20.02198984822078
Data splitting,0.5,25.87572070304837
Data splitting,0.5,23.33002291748502
Data splitting,0.5,31.86475902683683
Data splitting,0.5,29.776447105343934
Data splitting,0.5,19.65994181366478
Data splitting,0.5,19.682484757063946
Data splitting,0.5,28.95895562659872
Data splitting,0.5,29.51668089161808
Data splitting,0.5,35.10879777108774
Data splitting,0.5,17.59822103638251
Data splitting,0.5,30.10745414791179
Data splitting,0.5,32.24428136176415
Data splitting,0.5,16.624682871985144
Data splitting,0.5,24.277296803549962
Data splitting,0.5,31.014251148381984
Data splitting,0.5,18.32182759355086
Data splitting,0.5,27.936495798229544
Data splitting,0.5,23.57279783927429
Data splitting,0.5,28.669977434921115
Data splitting,0.5,24.276476111506362
Data splitting,0.5,41.053275701599986
Data splitting,0.5,50.92383261165063
Data splitting,0.5,46.763659910528546
Data splitting,0.5,28.40955982386193
Data splitting,0.5,29.19312721524327
Data splitting,0.5,15.634527803833402
Data splitting,0.5,20.125523087074647
Data splitting,0.5,21.629307135444584
Data splitting,0.5,14.708625678561965
Data splitting,0.5,21.221925065523507
Data splitting,0.5,35.27961408629013
Data splitting,0.5,17.666524252095822
Data splitting,0.5,37.61240805997919
Data splitting,0.5,20.1064963824221
Data splitting,0.5,21.57113895922409
Data splitting,0.5,22.682440002807954
Data splitting,0.5,20.499556999836695
Data splitting,0.5,25.979556248090088
Data splitting,0.5,21.67497997715672
Data splitting,0.5,21.9121020572584
Data splitting,0.5,33.37914687337006
Data splitting,0.5,31.488928659594507
Data splitting,0.5,37.12751343463744
Data splitting,0.5,24.225602780607787
Data splitting,0.5,35.5375389485053
Data splitting,0.5,21.344192924171303
Data splitting,0.5,33.950696566184476
Data splitting,0.5,30.925326940853527
Data splitting,0.5,26.307683508943192
Data splitting,0.5,17.928386492406432
Data splitting,0.5,20.16008980657964
Data splitting,0.5,24.220089297556246
Data splitting,0.5,30.83069315338213
Data splitting,0.5,32.47011576422846
Data splitting,0.5,16.983911911360003
Data splitting,0.5,21.775011172929396
Data splitting,0.5,20.26630654045863
Data splitting,0.5,32.60112898905072
Data splitting,0.5,19.60896928648951
Data splitting,0.5,37.418034624587264
Data splitting,0.5,28.89510945202765
Data splitting,0.5,29.778256167698242
Data splitting,0.5,27.047421943377607
Data splitting,0.5,32.853264894142605
Data splitting,0.5,23.611841129552857
Data splitting,0.5,22.55319026751746
Data splitting,0.5,25.869208479280573
Data splitting,0.5,29.42945975079465
Data splitting,0.5,24.51546567115474
Data splitting,0.5,22.334523897578457
Data splitting,0.5,23.19771032794606
Data splitting,0.5,20.296456613989484
Data splitting,0.5,36.06044134210339
Data splitting,0.5,28.31712304721525
Data splitting,0.5,34.388184569735124
Data splitting,0.5,28.449854942508313
Data splitting,0.5,40.545105187762886
Data splitting,0.5,28.508139539774966
Data splitting,0.5,27.13812340804034
Data splitting,0.5,24.600827495325213
Data splitting,0.5,31.690586159106594
Data splitting,0.5,19.50933218325587
Data splitting,0.5,20.485915804916928
Data splitting,0.5,22.26080921359777
Data splitting,0.5,31.539079863755823
Data splitting,0.5,22.896573647950483
Data splitting,0.5,24.383488020440417
Data splitting,0.5,22.81165860346616
Data splitting,0.5,25.409613047890748
Data splitting,0.5,26.623934844980504
Data splitting,0.5,27.124160055951013
Data splitting,0.5,19.63651002807142
Data splitting,0.5,28.632596331089758
Data splitting,0.5,14.679029717126461
Data splitting,0.5,18.65466845906096
Data splitting,0.5,23.771815803306158
Data splitting,0.5,22.014620619923196
Data splitting,0.5,47.60285501132733
Data splitting,0.5,36.82904059460403
Data splitting,0.5,29.88081789691283
Data splitting,0.5,29.90603667999258
Data splitting,0.5,33.7808355424006
Data splitting,0.5,20.6408117321555
Data splitting,0.5,14.490453609555908
Data splitting,0.5,17.875931736199366
Data splitting,0.5,29.661079634844597
Data splitting,0.5,25.1616593008817
Data splitting,0.5,20.653519906735905
Data splitting,0.5,17.140153578730978
Data splitting,0.5,25.98018021450132
Data splitting,0.5,34.07760882719425
Data splitting,0.5,20.67333013438569
Data splitting,0.5,33.29512371699378
Data splitting,0.5,40.08522261833666
Data splitting,0.5,15.840261454580832
Data splitting,0.5,23.700607576948798
Data splitting,0.5,34.52258005851008
Data splitting,0.5,20.44664924394344
Data splitting,0.5,30.67679636338764
Data splitting,0.5,33.82635888266501
Data splitting,0.5,23.745528157993895
Data splitting,0.5,25.618505697733752
Data splitting,0.5,33.988102772183446
Data splitting,0.5,35.460540227585845
Data splitting,0.5,25.577134008373942
Data splitting,0.5,31.567457342084992
Data splitting,0.5,20.598786808866492
Data splitting,0.5,15.79377238102897
Data splitting,0.5,25.156226904015774
Data splitting,0.5,17.03696567256297
Data splitting,0.5,24.31657082955381
Data splitting,0.5,25.491222495400674
Data splitting,0.5,26.41986848946636
Data splitting,0.5,28.590365592784128
Data splitting,0.5,39.33604101252983
Data splitting,0.5,31.655204500713467
Data splitting,0.5,19.576512496321026
Data splitting,0.5,30.83009445182544
Data splitting,0.5,22.39741103203225
Data splitting,0.5,19.090231670337523
Data splitting,0.5,22.013940990384192
Data splitting,0.5,21.30489174446619
Data splitting,0.5,24.439568567426566
Data splitting,0.5,35.63119944526751
Data splitting,0.5,24.36811657507679
Data splitting,0.5,19.211771636059055
Data splitting,0.5,31.989953755393813
Data splitting,0.5,19.027223916335636
Data splitting,0.5,23.947839476699556
Data splitting,0.5,42.97271616805431
Data splitting,0.5,23.560326236932926
Data splitting,0.5,18.456084833638144
Data splitting,0.5,24.465462226570203
Data splitting,0.5,18.8355331065565
Data splitting,0.5,34.85878009224644
Data splitting,0.5,17.02666672869365
Data splitting,0.5,33.7013864340898
Data splitting,0.5,16.157057910486028
Data splitting,0.5,22.491171420532464
Data splitting,0.5,19.93628726979485
Data splitting,0.5,16.43595215871286
Data splitting,0.5,15.977845294556062
Data splitting,0.5,18.25911242706807
Data splitting,0.5,19.939439541292778
Data splitting,0.5,25.43273504941211
Data splitting,0.5,27.819298423819784
Data splitting,0.5,31.66873743468239
Data splitting,0.5,15.124348418923592
Data splitting,0.5,22.232387102764775
Data splitting,0.5,22.24742290605681
Data splitting,0.5,31.598932970594916
Data splitting,0.5,21.29817565778697
Data splitting,0.5,23.965436775919272
Data splitting,0.5,16.622490075788765
Data splitting,0.5,23.50109866618077
Data splitting,0.5,30.31962109128159
Data splitting,0.5,18.578142643327357
Data splitting,0.5,32.23003276906607
Data splitting,0.5,24.49011163229363
Data splitting,0.5,23.846843645465036
Data splitting,0.5,31.25408041241001
Data splitting,0.5,26.533818387601933
Data splitting,0.5,20.478828008889355
Data splitting,0.5,34.16215972094422
Data splitting,0.5,37.07904592463661
Data splitting,0.5,31.61882470244446
Data splitting,0.5,23.77099370989415
Data splitting,0.5,21.204419080852432
Data splitting,0.5,22.619627622204845
Data splitting,0.5,20.6048509511188
Data splitting,0.5,23.239680358288492
Data splitting,0.5,24.514457804918376
Data splitting,0.5,20.387028470345047
Data splitting,0.5,33.543551381739675
Data splitting,0.5,20.622844375968082
Post-GL,0.5,35.24047449558275
Post-GL,0.5,13.63260103713758
Post-GL,0.5,14.723896547315613
Post-GL,0.5,19.851130833164795
Post-GL,0.5,39.70763075116672
Post-GL,0.5,16.318023220042605
Post-GL,0.5,29.423206597775305
Post-GL,0.5,20.322672194593352
Post-GL,0.5,18.186947918294667
Post-GL,0.5,36.08348857395802
Post-GL,0.5,12.773687504584712
Post-GL,0.5,15.403102471862999
Post-GL,0.5,13.67475675257706
Post-GL,0.5,25.314071850815647
Post-GL,0.5,14.581403409056048
Post-GL,0.5,38.82844699899798
Post-GL,0.5,19.984784768837468
Post-GL,0.5,22.512444931471926
Post-GL,0.5,37.95570976248762
Post-GL,0.5,13.649288916578898
Post-GL,0.5,23.35547832534721
Post-GL,0.5,20.47446213547753
Post-GL,0.5,34.574538719221096
Post-GL,0.5,33.85445137175127
Post-GL,0.5,16.9626579666615
Post-GL,0.5,15.85134525642673
Post-GL,0.5,36.315382142450105
Post-GL,0.5,13.719681829235045
Post-GL,0.5,27.425886446588116
Post-GL,0.5,12.824314783821727
Post-GL,0.5,17.88951630802555
Post-GL,0.5,14.66646264993184
Post-GL,0.5,23.069816392239936
Post-GL,0.5,16.245453747974523
Post-GL,0.5,17.96369252340217
Post-GL,0.5,18.53969534721861
Post-GL,0.5,13.47837764300865
Post-GL,0.5,28.35580562143367
Post-GL,0.5,14.01957747191867
Post-GL,0.5,19.55098482045952
Post-GL,0.5,21.97188174519574
Post-GL,0.5,15.970299454810995
Post-GL,0.5,23.148194188847043
Post-GL,0.5,18.337620187505983
Post-GL,0.5,27.63290471926358
Post-GL,0.5,24.257420436574034
Post-GL,0.5,20.275960117466678
Post-GL,0.5,21.365424834671785
Post-GL,0.5,16.350093082692663
Post-GL,0.5,24.107347944215107
Post-GL,0.5,20.04474843604613
Post-GL,0.5,21.49143568036388
Post-GL,0.5,24.241615306034944
Post-GL,0.5,34.92238454880467
Post-GL,0.5,15.25887514543353
Post-GL,0.5,20.694999100276828
Post-GL,0.5,14.686140849714949
Post-GL,0.5,12.490665770088814
Post-GL,0.5,25.553261234387097
Post-GL,0.5,21.351979862084157
Post-GL,0.5,13.737238799894849
Post-GL,0.5,12.183030438880133
Post-GL,0.5,14.389887291065826
Post-GL,0.5,32.25489996273694
Post-GL,0.5,28.654575195246963
Post-GL,0.5,31.20642927402604
Post-GL,0.5,18.363318371085107
Post-GL,0.5,23.787719055963635
Post-GL,0.5,13.843553218085493
Post-GL,0.5,15.745575864317223
Post-GL,0.5,15.06390753544434
Post-GL,0.5,36.216097508814904
Post-GL,0.5,18.568118079804794
Post-GL,0.5,17.305638307928085
Post-GL,0.5,19.336416147798147
Post-GL,0.5,23.752170316587762
Post-GL,0.5,15.80664587899054
Post-GL,0.5,23.777634415323178
Post-GL,0.5,12.095241734225183
Post-GL,0.5,19.580125878636306
Post-GL,0.5,24.740180583232643
Post-GL,0.5,14.387055297164242
Post-GL,0.5,18.808578327149277
Post-GL,0.5,14.163374645570666
Post-GL,0.5,12.6657470036866
Post-GL,0.5,11.989826197513366
Post-GL,0.5,22.196554429947913
Post-GL,0.5,19.95180716258732
Post-GL,0.5,11.741054200283592
Post-GL,0.5,16.804158643948
Post-GL,0.5,14.000801392659715
Post-GL,0.5,21.678916753523435
Post-GL,0.5,18.353878197400242
Post-GL,0.5,252.70004395220974
Post-GL,0.5,18.552009926834902
Post-GL,0.5,13.13556618096877
Post-GL,0.5,23.252378681564355
Post-GL,0.5,12.527511090743603
Post-GL,0.5,17.592308401296304
Post-GL,0.5,11.560427681608628
Post-GL,0.5,27.6120676486488
Post-GL,0.5,33.066716855877495
Post-GL,0.5,17.574609658546194
Post-GL,0.5,16.542594220178895
Post-GL,0.5,23.896369143220728
Post-GL,0.5,18.874494662200306
Post-GL,0.5,29.391726255475085
Post-GL,0.5,22.42706613045374
Post-GL,0.5,11.65067164743099
Post-GL,0.5,22.712180537535165
Post-GL,0.5,16.478666447175392
Post-GL,0.5,14.747110993987926
Post-GL,0.5,19.459031654550955
Post-GL,0.5,21.42288967799817
Post-GL,0.5,20.973336009077986
Post-GL,0.5,19.15194576445554
Post-GL,0.5,16.105872243019043
Post-GL,0.5,18.589981577133035
Post-GL,0.5,12.056239117518146
Post-GL,0.5,30.808449915276178
Post-GL,0.5,18.964541038231687
Post-GL,0.5,18.381765332428166
Post-GL,0.5,15.218407581469046
Post-GL,0.5,16.18195275450117
Post-GL,0.5,27.158375894123456
Post-GL,0.5,13.575668770664176
Post-GL,0.5,12.165085610766626
Post-GL,0.5,22.482237463232153
Post-GL,0.5,20.45549761307919
Post-GL,0.5,15.877970200578499
Post-GL,0.5,18.16048700008965
Post-GL,0.5,21.46929996088266
Post-GL,0.5,27.928759278712295
Post-GL,0.5,26.264189697420296
Post-GL,0.5,22.234647266249922
Post-GL,0.5,23.225694883943376
Post-GL,0.5,18.18092610196927
Post-GL,0.5,165.55101614785858
Post-GL,0.5,16.333794588312273
Post-GL,0.5,24.514495739727874
Post-GL,0.5,17.642832685540565
Post-GL,0.5,15.87791676733099
Post-GL,0.5,12.533480057535451
Post-GL,0.5,12.3796059458606
Post-GL,0.5,28.663767108223958
Post-GL,0.5,19.5290860276189
Post-GL,0.5,21.55468924624576
Post-GL,0.5,13.978677112444142
Post-GL,0.5,32.30457091748012
Post-GL,0.5,20.816883871332937
Post-GL,0.5,21.1699096950353
Post-GL,0.5,13.748182089356462
Post-GL,0.5,36.888729244888104
Post-GL,0.5,29.32880116151124
Post-GL,0.5,20.03280039958821
Post-GL,0.5,11.7101071134515
Post-GL,0.5,10.409614070433184
Post-GL,0.5,11.961879834062417
Post-GL,0.5,30.82651495610943
Post-GL,0.5,14.302847546665703
Post-GL,0.5,19.05622080275713
Post-GL,0.5,15.716905269264407
Post-GL,0.5,31.763708010361988
Post-GL,0.5,13.637266547150181
Post-GL,0.5,23.39289188204121
Post-GL,0.5,21.86398905297471
Post-GL,0.5,18.917316302948272
Post-GL,0.5,20.13527626622525
Post-GL,0.5,12.056981169658483
Post-GL,0.5,28.968178549061527
Post-GL,0.5,17.00997171740943
Post-GL,0.5,25.88488749092586
Post-GL,0.5,14.031249140027153
Post-GL,0.5,14.275952301974973
Post-GL,0.5,40.8954496702641
Post-GL,0.5,21.152655182260148
Post-GL,0.5,14.377703931195782
Post-GL,0.5,14.815717547951058
Post-GL,0.5,15.838445909772664
Post-GL,0.5,26.070528847725033
Post-GL,0.5,11.56126637691564
Post-GL,0.5,23.434126372254823
Post-GL,0.5,36.27910644193884
Post-GL,0.5,31.3793197158397
Post-GL,0.5,12.250519029739941
Post-GL,0.5,22.410968759872546
Post-GL,0.5,22.820507953911214
Post-GL,0.5,13.795492764642612
Post-GL,0.5,11.93222139246336
Post-GL,0.5,23.34088586266197
Post-GL,0.5,12.331819275886119
Post-GL,0.5,17.962906914001188
Post-GL,0.5,12.060660098369967
Post-GL,0.5,14.153434602020695
Post-GL,0.5,13.550405722006454
Post-GL,0.5,29.443713089612128
Post-GL,0.5,26.73173138184326
Post-GL,0.5,13.104085554802902
Post-GL,0.5,18.242343041760254
Post-GL,0.5,59.842258138765175
Post-GL,0.5,16.222138119099945
Post-GL,0.5,18.454846639225668
Post-GL,0.5,20.29958811910347
Post-GL,0.5,12.459848418186427
Post-GL,0.5,15.177293798254498
Post-GL,0.5,16.310092713126373
Post-GL,0.5,17.997558443242283
Post-GL,0.5,44.664334695608666
Post-GL,0.5,23.10584510066206
Post-GL,0.5,19.853876136313836
Post-GL,0.5,15.512033210638862
Post-GL,0.5,19.57010216062591
Post-GL,0.5,19.177983967880504
Post-GL,0.5,13.132692000226717
Post-GL,0.5,21.009307193864576
Post-GL,0.5,33.61618173865157
Post-GL,0.5,14.95462063805646
Post-GL,0.5,19.984792134987714
Post-GL,0.5,19.906524474455047
Post-GL,0.5,16.87355544586756
Post-GL,0.5,34.14718137949417
Post-GL,0.5,19.447573610998962
Post-GL,0.5,16.573957577583755
Post-GL,0.5,14.582567554586817
Post-GL,0.5,20.586865075299993
Post-GL,0.5,12.528761458302794
Post-GL,0.5,22.462255125340533
Post-GL,0.5,16.574330706029674
Post-GL,0.5,16.286157232832192
Post-GL,0.5,14.67706800717761
Post-GL,0.5,18.986586192834807
Post-GL,0.5,14.358775063320804
Post-GL,0.5,17.26312430278112
Post-GL,0.5,18.40232602182955
Post-GL,0.5,13.427340438092164
Post-GL,0.5,13.569513871488295
Post-GL,0.5,18.78276288907866
Post-GL,0.5,18.2403510780391
Post-GL,0.5,18.841846857865185
Post-GL,0.5,22.654741514323756
Post-GL,0.5,14.53124183506717
Post-GL,0.5,38.21178579245804
Post-GL,0.5,17.594063574969
Post-GL,0.5,14.754415248455414
Post-GL,0.5,19.860559688808372
Post-GL,0.5,22.919272646342247
Post-GL,0.5,12.423860982837677
Post-GL,0.5,45.1315714007849
Post-GL,0.5,19.967587665953022
Post-GL,0.5,33.77900548243506
Post-GL,0.5,15.812122188518043
Post-GL,0.5,18.153890856904525
Post-GL,0.5,15.830378278668912
Post-GL,0.5,16.444482453735716
Post-GL,0.5,24.947890975428233
Post-GL,0.5,15.347749128378197
Post-GL,0.5,23.97992693471422
Post-GL,0.5,14.578427565457535
Post-GL,0.5,17.23857950405758
Post-GL,0.5,22.736869236747523
Post-GL,0.5,21.88042154718567
Post-GL,0.5,65.63272553517521
Post-GL,0.5,16.62011083754738
Post-GL,0.5,18.261833971165505
Post-GL,0.5,12.20742184571347
Post-GL,0.5,41.70730219393932
Post-GL,0.5,14.374389322687191
Post-GL,0.5,16.960445272961657
Post-GL,0.5,29.82976801776206
Post-GL,0.5,27.617302817251584
Post-GL,0.5,21.94204354094607
Post-GL,0.5,12.562220861115577
Post-GL,0.5,16.938428261661755
Post-GL,0.5,17.768056198121915
Post-GL,0.5,12.723562297909139
Post-GL,0.5,25.140937786433195
Post-GL,0.5,18.41130562163741
Post-GL,0.5,13.63055103937441
Post-GL,0.5,37.520754018019865
Post-GL,0.5,16.583353482702183
Post-GL,0.5,23.581338618955638
Post-GL,0.5,22.309801860196764
Post-GL,0.5,13.078406290857721
Post-GL,0.5,20.105426290679738
Post-GL,0.5,21.424045685967133
Post-GL,0.5,21.258956049983436
Post-GL,0.5,18.009825725925726
Post-GL,0.5,22.777001071920033
Post-GL,0.5,12.977896268868669
Post-GL,0.5,45.4351060177636
Post-GL,0.5,20.515293409413843
Post-GL,0.5,28.01903734853537
Post-GL,0.5,14.309914439202991
Post-GL,0.5,20.835062806168914
Post-GL,0.5,21.861898521437325
Post-GL,0.5,12.907792255531984
Post-GL,0.5,23.833293059805413
Post-GL,0.5,12.527818699284637
Post-GL,0.5,32.70286457322338
Post-GL,0.5,39.04683356390778
Post-GL,0.5,18.88258152177115
Post-GL,0.5,11.619191781698866
Post-GL,0.5,32.4137818435489
Post-GL,0.5,23.268826652011587
Post-GL,0.5,30.0159929728916
Post-GL,0.5,12.303920145268405
Post-GL,0.5,14.21288197866384
Post-GL,0.5,16.72534470216503
Post-GL,0.5,20.772788714432423
Post-GL,0.5,22.82912815415899
Post-GL,0.5,13.027343479581537
Post-GL,0.5,13.438100213820821
Post-GL,0.5,18.54418026965319
Post-GL,0.5,18.261455152323855
Post-GL,0.5,20.600974667292668
Post-GL,0.5,20.91248140112186
Post-GL,0.5,16.755144243313985
Naive,0.5,21.28802571840483
Naive,0.5,14.722339272774539
Naive,0.5,14.642438587439905
Naive,0.5,12.18096083481539
Naive,0.5,13.89019463923983
Naive,0.5,16.61188302443826
Naive,0.5,16.583518363130118
Naive,0.5,16.32935481988326
Naive,0.5,30.09491550674811
Naive,0.5,22.91711045495385
Naive,0.5,13.929494897379415
Naive,0.5,17.069566973783523
Naive,0.5,14.864618198439501
Naive,0.5,20.31609184512446
Naive,0.5,23.694960949772515
Naive,0.5,23.392649234547225
Naive,0.5,15.033178640753357
Naive,0.5,18.62314496856776
Naive,0.5,27.374794785506424
Naive,0.5,10.986748948442687
Naive,0.5,21.364096429714955
Naive,0.5,35.51339241888719
Naive,0.5,14.340703164175967
Naive,0.5,16.69562237690397
Naive,0.5,20.992329842863935
Naive,0.5,35.6467106152956
Naive,0.5,33.457483675375364
Naive,0.5,14.11488288465308
Naive,0.5,37.279911398986584
Naive,0.5,17.714220577481132
Naive,0.5,21.12790937985097
Naive,0.5,20.521443921951192
Naive,0.5,18.79595722956476
Naive,0.5,34.43847785682843
Naive,0.5,15.876893698123652
Naive,0.5,20.84681786677735
Naive,0.5,15.498670460419396
Naive,0.5,36.1524952378784
Naive,0.5,11.663467379765189
Naive,0.5,19.438428191351417
Naive,0.5,31.857476027712025
Naive,0.5,15.141900481998608
Naive,0.5,14.530185995704912
Naive,0.5,19.890558409680462
Naive,0.5,24.917359688160406
Naive,0.5,19.83443473899363
Naive,0.5,22.164282778272216
Naive,0.5,14.844783215666023
Naive,0.5,19.158476229194083
Naive,0.5,18.525594044309923
Naive,0.5,31.562843335812815
Naive,0.5,22.98900034774778
Naive,0.5,16.83082446936646
Naive,0.5,21.30723675367056
Naive,0.5,10.758531163040553
Naive,0.5,25.13427766426872
Naive,0.5,14.164370761417127
Naive,0.5,17.422584581890224
Naive,0.5,12.780781793036974
Naive,0.5,18.717377457451576
Naive,0.5,25.406193938077283
Naive,0.5,17.404636619780067
Naive,0.5,16.33270735923132
Naive,0.5,22.016268120999865
Naive,0.5,17.895329768133784
Naive,0.5,13.531755020474263
Naive,0.5,22.527348895407897
Naive,0.5,22.421413957468115
Naive,0.5,23.63704256600914
Naive,0.5,21.980964022334355
Naive,0.5,13.991180423926357
Naive,0.5,22.5680017377698
Naive,0.5,15.024700642215983
Naive,0.5,12.129852265353644
Naive,0.5,23.123959147441862
Naive,0.5,18.52568167549258
Naive,0.5,22.704403448863406
Naive,0.5,21.015705667645054
Naive,0.5,11.92816238396712
Naive,0.5,17.61421576395723
Naive,0.5,21.316850351947558
Naive,0.5,21.31747764007169
Naive,0.5,23.771748400508354
Naive,0.5,14.75244093749265
Naive,0.5,12.371698390081635
Naive,0.5,16.634313433544737
Naive,0.5,11.05072054719562
Naive,0.5,22.870315481669145
Naive,0.5,16.912430655473138
Naive,0.5,23.55908956192129
Naive,0.5,14.01282968997586
Naive,0.5,16.313164728721862
Naive,0.5,21.861089210031356
Naive,0.5,25.92528145838304
Naive,0.5,19.44891129396057
Naive,0.5,15.238564345424725
Naive,0.5,15.68870015321358
Naive,0.5,21.193585034384405
Naive,0.5,14.806274583652488
Naive,0.5,21.218000532482115
Naive,0.5,23.03100182848693
Naive,0.5,29.760966496021283
Naive,0.5,17.480469263547384
Naive,0.5,19.981575647029597
Naive,0.5,23.17722976695549
Naive,0.5,23.50594184613205
Naive,0.5,18.101046852594475
Naive,0.5,13.565630654920227
Naive,0.5,20.3867664191962
Naive,0.5,19.299504757909123
Naive,0.5,17.650046713061204
Naive,0.5,14.378213964565921
Naive,0.5,16.2971040692203
Naive,0.5,25.463651049278493
Naive,0.5,15.97281957363204
Naive,0.5,19.838124754253407
Naive,0.5,23.887087736539755
Naive,0.5,23.78097239364486
Naive,0.5,14.473715137765145
Naive,0.5,19.557474251702082
Naive,0.5,18.763375403036296
Naive,0.5,23.24356833840228
Naive,0.5,22.51454994566543
Naive,0.5,13.95405326464496
Naive,0.5,21.728418827818846
Naive,0.5,19.23464625515136
Naive,0.5,18.652062687187335
Naive,0.5,14.25072425515953
Naive,0.5,17.66216364723009
Naive,0.5,17.98786128597192
Naive,0.5,21.261064923515978
Naive,0.5,1940.348159479406
Naive,0.5,20.08951677028859
Naive,0.5,15.589853986575648
Naive,0.5,19.119113040122496
Naive,0.5,19.39264939594644
Naive,0.5,30.86270577292316
Naive,0.5,22.499629240840648
Naive,0.5,15.509091958893345
Naive,0.5,22.886464014203607
Naive,0.5,20.3794621708618
Naive,0.5,17.283167440046594
Naive,0.5,21.509978971609378
Naive,0.5,18.417620407486332
Naive,0.5,25.45804916003196
Naive,0.5,13.940028167040579
Naive,0.5,22.614372974294763
Naive,0.5,15.06267289145967
Naive,0.5,14.7960416922867
Naive,0.5,15.18917946810017
Naive,0.5,10.792189219720287
Naive,0.5,20.911310261776407
Naive,0.5,22.21824012505746
Naive,0.5,15.27859658488777
Naive,0.5,34.94116827227369
Naive,0.5,17.058515351623136
Naive,0.5,20.735541438541315
Naive,0.5,17.778235930496866
Naive,0.5,19.27228925516286
Naive,0.5,31.093638125925995
Naive,0.5,20.16140722839437
Naive,0.5,15.532139614141093
Naive,0.5,21.98751203426279
Naive,0.5,15.90607904542098
Naive,0.5,16.93551388840281
Naive,0.5,19.971750597447418
Naive,0.5,23.687921170297106
Naive,0.5,17.767286807402783
Naive,0.5,22.29914273322565
Naive,0.5,21.878934408890196
Naive,0.5,22.176029406130276
Naive,0.5,12.343851202197799
Naive,0.5,19.9073238788543
Naive,0.5,21.433352771508535
Naive,0.5,36.53825944272272
Naive,0.5,20.547590527822738
Naive,0.5,11.843034643235265
Naive,0.5,17.324706129760937
Naive,0.5,14.985444320452926
Naive,0.5,22.208987549846764
Naive,0.5,13.389394670081543
Naive,0.5,23.837535087942495
Naive,0.5,21.799585387138727
Naive,0.5,22.018630381191503
Naive,0.5,18.957895041779192
Naive,0.5,19.310101579386558
Naive,0.5,18.826195073845543
Naive,0.5,13.931563405950035
Naive,0.5,14.39239379139139
Naive,0.5,22.06800736527658
Naive,0.5,17.01792941962617
Naive,0.5,17.13002651655669
Naive,0.5,14.053790339871787
Naive,0.5,17.048554830312135
Naive,0.5,22.310866238472606
Naive,0.5,26.205959513620453
Naive,0.5,23.477023265525734
Naive,0.5,22.0224770367457
Naive,0.5,13.92851017834983
Naive,0.5,13.277064341090433
Naive,0.5,34.12388783160602
Naive,0.5,18.530021532212587
Naive,0.5,22.496461912171632
Naive,0.5,11.674097168116228
Naive,0.5,17.22554448971358
Naive,0.5,14.701283217718174
Naive,0.5,22.32097013654027
Naive,0.5,20.256478450401545
Naive,0.5,18.730471233906318
Naive,0.5,16.93926941373429
Naive,0.5,21.137562895133584
Naive,0.5,23.8139402977347
Naive,0.5,14.702286948159308
Naive,0.5,14.546218544050655
Naive,0.5,20.616444018881584
Naive,0.5,21.833681880886438
Naive,0.5,11.642389557599666
Naive,0.5,23.671875114437125
Naive,0.5,15.969579365611263
Naive,0.5,14.956880748420856
Naive,0.5,21.782165548930305
Naive,0.5,21.38635774632563
Naive,0.5,15.919387725312042
Naive,0.5,26.336840062481095
Naive,0.5,30.51117029609447
Naive,0.5,10.867098436863932
Naive,0.5,18.40213577686929
Naive,0.5,13.842128734343612
Naive,0.5,23.51238961725159
Naive,0.5,14.793334363382504
Naive,0.5,29.297026448961574
Naive,0.5,13.518735622287297
Naive,0.5,14.873348580780657
Naive,0.5,23.896258640349004
Naive,0.5,22.727420190871122
Naive,0.5,18.162351302295473
Naive,0.5,36.783488437282855
Naive,0.5,32.51217485127203
Naive,0.5,21.658750437240297
Naive,0.5,16.063086813854476
Naive,0.5,19.748063881018762
Naive,0.5,26.933317619200725
Naive,0.5,11.735214773030814
Naive,0.5,16.808471067082746
Naive,0.5,23.821483165668734
Naive,0.5,21.349496879875563
Naive,0.5,20.81878050736052
Naive,0.5,21.139353014913368
Naive,0.5,24.28833971377469
Naive,0.5,26.154075702808242
Naive,0.5,18.389172129976316
Naive,0.5,20.78442628950811
Naive,0.5,17.61660653556425
Naive,0.5,15.428973653890392
Naive,0.5,14.449589514127387
Naive,0.5,22.380892721689573
Naive,0.5,21.99401491352006
Naive,0.5,23.011124921671797
Naive,0.5,14.685681361666918
Naive,0.5,21.057451251137714
Naive,0.5,22.553782091062175
Naive,0.5,18.648274501657436
Naive,0.5,11.323520338450859
Naive,0.5,14.665382686506844
Naive,0.5,17.521567317012458
Naive,0.5,22.62652528377055
Naive,0.5,14.369666431792641
Naive,0.5,19.430062272156956
Naive,0.5,19.526017562589814
Naive,0.5,14.002509020829143
Naive,0.5,15.031231696517555
Naive,0.5,17.19222460978804
Naive,0.5,21.21610319733368
Naive,0.5,26.616664154030783
Naive,0.5,25.55714943335131
Naive,0.5,18.687891386365475
Naive,0.5,15.255209023132469
Naive,0.5,14.953220616466874
Naive,0.5,20.71973425072031
Naive,0.5,20.46437318351155
Naive,0.5,22.26819867036012
Naive,0.5,16.363473411312352
Naive,0.5,10.796368883710462
Naive,0.5,10.749428284610586
Naive,0.5,16.6080049829636
Naive,0.5,14.242978464565029
Naive,0.5,14.43189549004343
Naive,0.5,19.38036506193251
Naive,0.5,18.211729140019806
Naive,0.5,20.18901112717624
Naive,0.5,24.021699650344683
Naive,0.5,23.557233675136963
Naive,0.5,14.101971264772809
Naive,0.5,14.814139321728957
Naive,0.5,17.125784936071483
Naive,0.5,14.222214851750259
Naive,0.5,13.810538001253198
Naive,0.5,22.724376526185345
Naive,0.5,22.6923845761948
Naive,0.5,26.469281479051144
Naive,0.5,16.252509533183026
Naive,0.5,22.386012368053056
Naive,0.5,21.215830840676254
Naive,0.5,22.58650453130078
Naive,0.5,20.180577372503702
Naive,0.5,15.956928679801507
Naive,0.5,32.49346279850195
Naive,0.5,14.171998521372315
Naive,0.5,15.774841244095796
Naive,0.5,15.411068245086721
Naive,0.5,18.464393888034493
Naive,0.5,14.038437392574556
Naive,0.5,32.69581816877471
Naive,0.5,14.69321620178145
Naive,0.5,16.339612025051803
Naive,0.5,21.432310130832462
Naive,0.5,22.9993822877962
Data splitting,0.6,15.595868676770312
Data splitting,0.6,37.77962929533813
Data splitting,0.6,50.298767035416645
Data splitting,0.6,21.382663955131143
Data splitting,0.6,29.79363273722401
Data splitting,0.6,24.640269593823497
Data splitting,0.6,28.025610483373136
Data splitting,0.6,31.45470273448662
Data splitting,0.6,18.233972331990785
Data splitting,0.6,18.506706158769468
Data splitting,0.6,37.173050041035125
Data splitting,0.6,28.116335233500866
Data splitting,0.6,41.81520226315505
Data splitting,0.6,42.08680215650303
Data splitting,0.6,36.891305990479104
Data splitting,0.6,24.22862429593275
Data splitting,0.6,26.523672745780868
Data splitting,0.6,19.1835580333467
Data splitting,0.6,28.57463923738667
Data splitting,0.6,25.45455809886369
Data splitting,0.6,28.68609667328904
Data splitting,0.6,25.51367535305254
Data splitting,0.6,33.78173551752285
Data splitting,0.6,29.18089715959611
Data splitting,0.6,27.62296183282193
Data splitting,0.6,26.063529420358833
Data splitting,0.6,42.6485671999852
Data splitting,0.6,33.636279531525894
Data splitting,0.6,25.46429747598645
Data splitting,0.6,29.445839201128262
Data splitting,0.6,34.30299123856437
Data splitting,0.6,31.156830148292592
Data splitting,0.6,25.41542616407628
Data splitting,0.6,22.336215246501844
Data splitting,0.6,43.99985798864786
Data splitting,0.6,49.993652985041656
Data splitting,0.6,40.51698001385522
Data splitting,0.6,22.530667915937283
Data splitting,0.6,44.64409594507137
Data splitting,0.6,38.538875720732186
Data splitting,0.6,38.96284423944847
Data splitting,0.6,23.06375537581439
Data splitting,0.6,37.562058216830096
Data splitting,0.6,39.132921684501234
Data splitting,0.6,32.136175092012344
Data splitting,0.6,30.05247873816695
Data splitting,0.6,33.03160223432017
Data splitting,0.6,35.141342689450155
Data splitting,0.6,45.21343908893306
Data splitting,0.6,22.451743691237514
Data splitting,0.6,22.53718869138617
Data splitting,0.6,26.41221464260399
Data splitting,0.6,36.971398369650636
Data splitting,0.6,17.427576761614525
Data splitting,0.6,36.731126585579155
Data splitting,0.6,25.080918033191313
Data splitting,0.6,25.647842800958152
Data splitting,0.6,35.23281918888147
Data splitting,0.6,21.546373843032658
Data splitting,0.6,15.476476058949665
Data splitting,0.6,24.936860670065226
Data splitting,0.6,19.252255088158627
Data splitting,0.6,37.709213523189725
Data splitting,0.6,28.29185858570897
Data splitting,0.6,28.372582136221265
Data splitting,0.6,21.32493942909091
Data splitting,0.6,27.476729545313106
Data splitting,0.6,23.932031043585916
Data splitting,0.6,27.295750475186125
Data splitting,0.6,25.475104164497953
Data splitting,0.6,25.31600468381844
Data splitting,0.6,17.53262352365204
Data splitting,0.6,17.310575073299777
Data splitting,0.6,41.21340913961104
Data splitting,0.6,24.700868695667754
Data splitting,0.6,40.54530728299873
Data splitting,0.6,45.3565113109026
Data splitting,0.6,26.550642973822097
Data splitting,0.6,39.073824503045884
Data splitting,0.6,32.10305136282469
Data splitting,0.6,33.50373965127495
Data splitting,0.6,22.550037741273606
Data splitting,0.6,18.300498941591815
Data splitting,0.6,31.56470043148468
Data splitting,0.6,23820.45349775185
Data splitting,0.6,24.51368096442123
Data splitting,0.6,24.086572847270993
Data splitting,0.6,40.364327574670554
Data splitting,0.6,23.540261103258768
Data splitting,0.6,24.473647200842993
Data splitting,0.6,34.556328014602364
Data splitting,0.6,18.216328663498395
Data splitting,0.6,35.96553817480345
Data splitting,0.6,41.525112691940464
Data splitting,0.6,29.449206023367974
Data splitting,0.6,24.106914588462875
Data splitting,0.6,24.365450486111012
Data splitting,0.6,24.2208998464277
Data splitting,0.6,47.00234379706946
Data splitting,0.6,29.72411968388899
Data splitting,0.6,37.413582985999106
Data splitting,0.6,27.543616968992445
Data splitting,0.6,86.22090877444758
Data splitting,0.6,26.493131152829882
Data splitting,0.6,42.362285596758824
Data splitting,0.6,3315.4296585069433
Data splitting,0.6,43.397813804801835
Data splitting,0.6,19.840573913975867
Data splitting,0.6,38.46492753710475
Data splitting,0.6,48.01791158152724
Data splitting,0.6,35.26640340351018
Data splitting,0.6,25.67986107525197
Data splitting,0.6,22.799481235863396
Data splitting,0.6,29.58370549458144
Data splitting,0.6,27.49463018526783
Data splitting,0.6,28.739210785470068
Data splitting,0.6,34.37951144456666
Data splitting,0.6,33.6892449235493
Data splitting,0.6,35.888177602925154
Data splitting,0.6,40.849369597716965
Data splitting,0.6,32.37539685010511
Data splitting,0.6,2550.124396229182
Data splitting,0.6,25.393904311671584
Data splitting,0.6,29.25294612965166
Data splitting,0.6,25.130210584393595
Data splitting,0.6,22.932977101161477
Data splitting,0.6,22.273335324410144
Data splitting,0.6,19.98260471831586
Data splitting,0.6,29.752542394066392
Data splitting,0.6,38.63955914873662
Data splitting,0.6,19.344264736104957
Data splitting,0.6,22.684098050897987
Data splitting,0.6,20.92767805646787
Data splitting,0.6,18.937836059192072
Data splitting,0.6,28.626217202342453
Data splitting,0.6,45.08879130935221
Data splitting,0.6,20.167898591479677
Data splitting,0.6,28.958362662075693
Data splitting,0.6,20.338914005910137
Data splitting,0.6,21.948911380569726
Data splitting,0.6,41.016429094227284
Data splitting,0.6,24.021421789466885
Data splitting,0.6,17.27186108436472
Data splitting,0.6,35.57960998487632
Data splitting,0.6,26.297161478056676
Data splitting,0.6,18.08254039693699
Data splitting,0.6,23.635929954356435
Data splitting,0.6,33.492989572485214
Data splitting,0.6,47.85634601249941
Data splitting,0.6,51.86736503990977
Data splitting,0.6,19.779892619897055
Data splitting,0.6,38.421540552653624
Data splitting,0.6,23.953778885496543
Data splitting,0.6,29.013965274187267
Data splitting,0.6,23.307615740036702
Data splitting,0.6,21.28233100734434
Data splitting,0.6,26.93041850415484
Data splitting,0.6,34.28919295477192
Data splitting,0.6,22.45761902885017
Data splitting,0.6,45.48760404663808
Data splitting,0.6,32.65270382854603
Data splitting,0.6,19.965996214659633
Data splitting,0.6,34.71225562469526
Data splitting,0.6,35.538889452183504
Data splitting,0.6,26.121859918416547
Data splitting,0.6,34.25523911335183
Data splitting,0.6,19.218058701165965
Data splitting,0.6,23.20355301641471
Data splitting,0.6,29.366473715192093
Data splitting,0.6,20.021113274774567
Data splitting,0.6,25.8343472581058
Data splitting,0.6,32.9432489733077
Data splitting,0.6,21.18010258003395
Data splitting,0.6,24.93707149434571
Data splitting,0.6,30.68865469972002
Data splitting,0.6,36.19841233194194
Data splitting,0.6,33.321225921279655
Data splitting,0.6,57.15052056875443
Data splitting,0.6,21.759162219038906
Data splitting,0.6,51.93373853484327
Data splitting,0.6,32.93272600354407
Data splitting,0.6,18.336576658556037
Data splitting,0.6,30.39268460649396
Data splitting,0.6,18.520511214870268
Data splitting,0.6,42.53293689565512
Data splitting,0.6,38.552816443890286
Data splitting,0.6,21.685265844033093
Data splitting,0.6,39.82317285507902
Data splitting,0.6,24.92633834568517
Data splitting,0.6,28.07510111268899
Data splitting,0.6,22.858894345996237
Data splitting,0.6,42.988023620195676
Data splitting,0.6,27.83468451120347
Data splitting,0.6,16.79950540711876
Data splitting,0.6,22.70543037156687
Data splitting,0.6,44.09768960162324
Data splitting,0.6,48.75694567671723
Data splitting,0.6,27.565489992849642
Data splitting,0.6,30.391898315205264
Data splitting,0.6,19.633504517364848
Data splitting,0.6,27.91321540649436
Data splitting,0.6,32.30979678668309
Data splitting,0.6,31.391670263540625
Data splitting,0.6,24.49133840505923
Data splitting,0.6,47.407564104421986
Data splitting,0.6,20.618699138428504
Data splitting,0.6,23.70518265008853
Data splitting,0.6,22.75103593000191
Data splitting,0.6,34.23620868910385
Data splitting,0.6,40.679342755930755
Data splitting,0.6,27.947223632659064
Data splitting,0.6,63.60789221115587
Data splitting,0.6,23.8364476606169
Data splitting,0.6,21.64615748945354
Data splitting,0.6,42.55057250805653
Data splitting,0.6,2333.626117705942
Data splitting,0.6,28.862153064323547
Data splitting,0.6,26.106622204500365
Data splitting,0.6,26.89802259894476
Data splitting,0.6,33.058128478017785
Data splitting,0.6,25.9330300394892
Data splitting,0.6,48.967483658603186
Data splitting,0.6,59.451940350107485
Data splitting,0.6,36.8152146397102
Data splitting,0.6,25.306451863569656
Data splitting,0.6,24.67494444250906
Data splitting,0.6,56.27887322568344
Data splitting,0.6,24.678937428276882
Data splitting,0.6,26.169240667343484
Data splitting,0.6,38.22240170336249
Data splitting,0.6,35.59141406257212
Data splitting,0.6,29.177998950492373
Data splitting,0.6,16.23100524829651
Data splitting,0.6,46.68565428203323
Data splitting,0.6,20.344907955122242
Data splitting,0.6,27.751466299003944
Data splitting,0.6,28.663238091886285
Data splitting,0.6,26.536380869352207
Data splitting,0.6,22.07973876547071
Data splitting,0.6,24.361423850787332
Data splitting,0.6,32.420167883675965
Data splitting,0.6,32.36592999985105
Data splitting,0.6,20.251635041860826
Data splitting,0.6,24.68758449300259
Data splitting,0.6,31.226067873856238
Data splitting,0.6,25.00333287523614
Data splitting,0.6,22.26306933385579
Data splitting,0.6,30.699684607000517
Data splitting,0.6,28.94066564745333
Data splitting,0.6,26.798977728149193
Data splitting,0.6,29.207377489219752
Data splitting,0.6,23.31374121019302
Data splitting,0.6,27.693386517596917
Data splitting,0.6,33.67309360046086
Data splitting,0.6,47.93187736177802
Data splitting,0.6,30.3447998618594
Data splitting,0.6,29.05723639873845
Data splitting,0.6,38.56721879613365
Data splitting,0.6,22.973904649289988
Data splitting,0.6,24.863046506239776
Data splitting,0.6,25.019823662086964
Data splitting,0.6,37.78418963422893
Data splitting,0.6,37.08922749161509
Data splitting,0.6,30.19095131856823
Data splitting,0.6,37.6437824627287
Data splitting,0.6,17.783443197990106
Data splitting,0.6,26.085387237008927
Data splitting,0.6,24.917334204228577
Data splitting,0.6,45.59709619409915
Data splitting,0.6,43.06068043588074
Data splitting,0.6,24.16944461172371
Data splitting,0.6,37.8918275606785
Data splitting,0.6,39.49258531611325
Data splitting,0.6,22.5345124758165
Data splitting,0.6,57.26426478225486
Data splitting,0.6,33.16256467292417
Data splitting,0.6,43.052752714548724
Post-GL,0.6,39.472556277503465
Post-GL,0.6,14.153785096392841
Post-GL,0.6,16.041219856920492
Post-GL,0.6,17.50068780203699
Post-GL,0.6,18.4466056846217
Post-GL,0.6,38.48742646869721
Post-GL,0.6,14.59035802253582
Post-GL,0.6,17.582472549850575
Post-GL,0.6,19.351561771531937
Post-GL,0.6,22.49679360109007
Post-GL,0.6,23.98337968963599
Post-GL,0.6,22.66270886395577
Post-GL,0.6,19.646192162525658
Post-GL,0.6,39.94994159158318
Post-GL,0.6,16.553088595835256
Post-GL,0.6,13.407127583257168
Post-GL,0.6,33.52553433543871
Post-GL,0.6,93.31536709163218
Post-GL,0.6,18.28676592123092
Post-GL,0.6,27.759641141572722
Post-GL,0.6,16.88477135572581
Post-GL,0.6,16.334613345875187
Post-GL,0.6,32.307284138745665
Post-GL,0.6,16.262141158779986
Post-GL,0.6,18.51185311595525
Post-GL,0.6,16.666850246673388
Post-GL,0.6,40.165445486715626
Post-GL,0.6,21.516634553058957
Post-GL,0.6,19.534069012179316
Post-GL,0.6,22.97005425586347
Post-GL,0.6,14.817811474143795
Post-GL,0.6,24.85304837849888
Post-GL,0.6,16.831270199143034
Post-GL,0.6,17.73052616492115
Post-GL,0.6,21.549808363236036
Post-GL,0.6,25.556388037404062
Post-GL,0.6,29.77668403546734
Post-GL,0.6,14.34587834127586
Post-GL,0.6,21.389034139997456
Post-GL,0.6,23.27878655280786
Post-GL,0.6,17.211230691828074
Post-GL,0.6,25.85654447601119
Post-GL,0.6,19.147340660207814
Post-GL,0.6,29.788857582379546
Post-GL,0.6,25.088119295819634
Post-GL,0.6,21.824130607513865
Post-GL,0.6,21.966423795592487
Post-GL,0.6,17.100467917118582
Post-GL,0.6,21.53067662418776
Post-GL,0.6,53.9214932502112
Post-GL,0.6,22.665126350005107
Post-GL,0.6,23.703041641658427
Post-GL,0.6,37.17644021708684
Post-GL,0.6,25.843236936040324
Post-GL,0.6,20.234085036082888
Post-GL,0.6,15.420441938575967
Post-GL,0.6,12.4041768017694
Post-GL,0.6,32.059685480458135
Post-GL,0.6,28.063377606152653
Post-GL,0.6,15.983188207985767
Post-GL,0.6,12.036901054466199
Post-GL,0.6,14.700683155807862
Post-GL,0.6,34.93667377688356
Post-GL,0.6,32.20342688858466
Post-GL,0.6,30.984906672166755
Post-GL,0.6,18.507429140594144
Post-GL,0.6,24.697004199831195
Post-GL,0.6,22.13978344585223
Post-GL,0.6,15.59335149606622
Post-GL,0.6,15.196250553835414
Post-GL,0.6,34.10302271998413
Post-GL,0.6,19.67943691744804
Post-GL,0.6,24.425040298515082
Post-GL,0.6,32.74468516211024
Post-GL,0.6,19.495193084133092
Post-GL,0.6,33.95130169880655
Post-GL,0.6,20.535122437446546
Post-GL,0.6,16.53696622753585
Post-GL,0.6,81.91091725484364
Post-GL,0.6,22.3682485663431
Post-GL,0.6,26.023604255145283
Post-GL,0.6,12.930405133435205
Post-GL,0.6,44.87351192208238
Post-GL,0.6,18.514445061014957
Post-GL,0.6,16.86327989217416
Post-GL,0.6,19.92817147662648
Post-GL,0.6,20.120387458316777
Post-GL,0.6,17.959367011299413
Post-GL,0.6,13.359206628952286
Post-GL,0.6,25.09251573289128
Post-GL,0.6,12.391480162652897
Post-GL,0.6,23.05984520000527
Post-GL,0.6,11.633583973227893
Post-GL,0.6,13.240680331794863
Post-GL,0.6,15.397048950183338
Post-GL,0.6,12.39601420727307
Post-GL,0.6,22.55487230487523
Post-GL,0.6,31.565144141082857
Post-GL,0.6,25.74655893894946
Post-GL,0.6,27.52794704391127
Post-GL,0.6,29.586263869551008
Post-GL,0.6,15.894081921990074
Post-GL,0.6,29.192463841167125
Post-GL,0.6,18.558872837706087
Post-GL,0.6,20.75713855428847
Post-GL,0.6,36.25198459333643
Post-GL,0.6,44.2812243205384
Post-GL,0.6,24.231008611674266
Post-GL,0.6,18.084257175713827
Post-GL,0.6,19.52929147071086
Post-GL,0.6,38.725831160014145
Post-GL,0.6,19.200796314640154
Post-GL,0.6,14.485457024029301
Post-GL,0.6,20.005548653973722
Post-GL,0.6,33.175630417005465
Post-GL,0.6,19.113158584767376
Post-GL,0.6,29.390446683144795
Post-GL,0.6,69.63089523591788
Post-GL,0.6,29.8318916134314
Post-GL,0.6,41.71822012908436
Post-GL,0.6,44.53386012592246
Post-GL,0.6,16.552604327362946
Post-GL,0.6,30.93304716762331
Post-GL,0.6,12.023198498907643
Post-GL,0.6,30.316873743290586
Post-GL,0.6,14.513538028791015
Post-GL,0.6,17.093362027449434
Post-GL,0.6,14.812696788720022
Post-GL,0.6,39.189839726410675
Post-GL,0.6,25.566394555670623
Post-GL,0.6,33.96827607650399
Post-GL,0.6,16.613836580345588
Post-GL,0.6,26.60521606249166
Post-GL,0.6,19.433714071597503
Post-GL,0.6,13.576940546734747
Post-GL,0.6,22.30514487705115
Post-GL,0.6,32.221753257383625
Post-GL,0.6,21.020340080431396
Post-GL,0.6,28.52719949921389
Post-GL,0.6,21.98147629821534
Post-GL,0.6,19.309361167396606
Post-GL,0.6,20.410027487489508
Post-GL,0.6,22.31391524803794
Post-GL,0.6,21.67763475706916
Post-GL,0.6,22.502874081933992
Post-GL,0.6,21.861794048982592
Post-GL,0.6,15.50706853790767
Post-GL,0.6,31.14515189896803
Post-GL,0.6,20.548687827094156
Post-GL,0.6,29.712260245963638
Post-GL,0.6,16.54723916789704
Post-GL,0.6,21.04361519243813
Post-GL,0.6,37.5054163171252
Post-GL,0.6,25.715604073120062
Post-GL,0.6,27.025708986169356
Post-GL,0.6,17.9001343186827
Post-GL,0.6,14.29771210009921
Post-GL,0.6,18.936934878703365
Post-GL,0.6,20.287017323712508
Post-GL,0.6,20.18355731328227
Post-GL,0.6,27.81227696669695
Post-GL,0.6,15.925691397152466
Post-GL,0.6,21.484547994793253
Post-GL,0.6,20.97263813519165
Post-GL,0.6,21.652560143894846
Post-GL,0.6,16.646126216981752
Post-GL,0.6,23.017491139093693
Post-GL,0.6,24.836318049699134
Post-GL,0.6,26.02173722628886
Post-GL,0.6,12.956019392522649
Post-GL,0.6,30.319638272065337
Post-GL,0.6,29.93953714947233
Post-GL,0.6,18.633281715872638
Post-GL,0.6,31.364451383608827
Post-GL,0.6,22.69601455444615
Post-GL,0.6,12.584223894667355
Post-GL,0.6,31.7342709701498
Post-GL,0.6,25.34890720802117
Post-GL,0.6,21.862501771929345
Post-GL,0.6,21.781338211983755
Post-GL,0.6,13.845861780362075
Post-GL,0.6,15.84925127422104
Post-GL,0.6,13.598307623427699
Post-GL,0.6,18.497484972979514
Post-GL,0.6,25.79039953178907
Post-GL,0.6,21.141598720349936
Post-GL,0.6,23.936208506622695
Post-GL,0.6,24.953455974162896
Post-GL,0.6,17.098227938734148
Post-GL,0.6,30.972868952986563
Post-GL,0.6,15.46411561564481
Post-GL,0.6,164.06941287264377
Post-GL,0.6,23.813807499950663
Post-GL,0.6,18.391223231060206
Post-GL,0.6,11.574639389349548
Post-GL,0.6,13.561152128829125
Post-GL,0.6,16.221245140244523
Post-GL,0.6,25.580808184558645
Post-GL,0.6,21.766840588456198
Post-GL,0.6,14.609470455728347
Post-GL,0.6,21.07809080791608
Post-GL,0.6,16.888593746708523
Post-GL,0.6,12.987099620813769
Post-GL,0.6,15.589323324519615
Post-GL,0.6,20.656481521254175
Post-GL,0.6,22.34719679701792
Post-GL,0.6,22.78059342258232
Post-GL,0.6,21.184392204537456
Post-GL,0.6,19.72957891729994
Post-GL,0.6,24.32571622732225
Post-GL,0.6,21.50710198636097
Post-GL,0.6,14.35902778750933
Post-GL,0.6,23.151945002203636
Post-GL,0.6,15.92809120202147
Post-GL,0.6,29.08499599367019
Post-GL,0.6,24.917493193009207
Post-GL,0.6,18.926414978742272
Post-GL,0.6,28.69548494546972
Post-GL,0.6,16.140457754058936
Post-GL,0.6,15.807785971012567
Post-GL,0.6,12.10039300028763
Post-GL,0.6,21.76160049435549
Post-GL,0.6,21.770138284782227
Post-GL,0.6,27.551048309715963
Post-GL,0.6,63.04161010010427
Post-GL,0.6,29.763055640297676
Post-GL,0.6,23.598687277750475
Post-GL,0.6,38.963830395479135
Post-GL,0.6,35.45739107474253
Post-GL,0.6,15.699839731148677
Post-GL,0.6,28.433130151740386
Post-GL,0.6,20.205069819623596
Post-GL,0.6,23.436336822791116
Post-GL,0.6,11.45665906593424
Post-GL,0.6,26.961413161845133
Post-GL,0.6,13.056488657784682
Post-GL,0.6,35.540338155597645
Post-GL,0.6,36.53697273382643
Post-GL,0.6,21.44101411257238
Post-GL,0.6,11.856758796590443
Post-GL,0.6,29.072160485439024
Post-GL,0.6,12.935855061794348
Post-GL,0.6,15.317035958167047
Post-GL,0.6,24.59792491684508
Post-GL,0.6,38.779292416797816
Post-GL,0.6,20.44680480899291
Post-GL,0.6,13.479812839119818
Post-GL,0.6,13.413328451413458
Post-GL,0.6,34.15714817425975
Post-GL,0.6,20.245185543690468
Post-GL,0.6,17.741315024498462
Post-GL,0.6,19.091037844006355
Post-GL,0.6,21.932616309007415
Post-GL,0.6,19.933225937112702
Post-GL,0.6,18.571285904302943
Post-GL,0.6,17.68624202539037
Post-GL,0.6,24.70644347929997
Post-GL,0.6,15.123230318706973
Post-GL,0.6,17.45610366694642
Post-GL,0.6,20.0006888565192
Post-GL,0.6,27.90364523469856
Post-GL,0.6,24.181524699583814
Post-GL,0.6,20.638765087649286
Post-GL,0.6,33.07660928805721
Post-GL,0.6,24.74200486538183
Post-GL,0.6,28.057977257578596
Post-GL,0.6,11.993882030043515
Post-GL,0.6,27.672462091887432
Post-GL,0.6,17.417240463671465
Post-GL,0.6,20.653762238995746
Post-GL,0.6,12.649772983486155
Post-GL,0.6,16.572609161309266
Post-GL,0.6,22.8396356862657
Post-GL,0.6,17.664079291719748
Post-GL,0.6,34.84432532254442
Post-GL,0.6,21.73180759383443
Post-GL,0.6,24.66444579885607
Naive,0.6,21.28802571840483
Naive,0.6,14.722339272774539
Naive,0.6,20.31072208429244
Naive,0.6,21.194866351546093
Naive,0.6,20.476012492931723
Naive,0.6,22.345532474812128
Naive,0.6,21.55481268316666
Naive,0.6,15.894874569312236
Naive,0.6,11.473925031038116
Naive,0.6,11.540868868505141
Naive,0.6,20.517406022064645
Naive,0.6,18.762686402005674
Naive,0.6,23.13603976863681
Naive,0.6,25.14175926149599
Naive,0.6,15.938075255625968
Naive,0.6,19.606872120993568
Naive,0.6,20.508053659086027
Naive,0.6,31.795664560993803
Naive,0.6,17.80408457495656
Naive,0.6,16.903949074383444
Naive,0.6,19.243492901564583
Naive,0.6,35.51339241888719
Naive,0.6,14.340703164175967
Naive,0.6,16.69562237690397
Naive,0.6,20.992329842863935
Naive,0.6,35.6467106152956
Naive,0.6,33.457483675375364
Naive,0.6,14.11488288465308
Naive,0.6,13.909686309200916
Naive,0.6,19.363893139129715
Naive,0.6,20.584073148988356
Naive,0.6,18.79595722956476
Naive,0.6,34.43847785682843
Naive,0.6,15.876893698123652
Naive,0.6,20.84681786677735
Naive,0.6,15.498670460419396
Naive,0.6,36.1524952378784
Naive,0.6,11.663467379765189
Naive,0.6,19.438428191351417
Naive,0.6,31.857476027712025
Naive,0.6,21.937757406054367
Naive,0.6,15.09391457549108
Naive,0.6,19.890558409680462
Naive,0.6,24.917359688160406
Naive,0.6,19.83443473899363
Naive,0.6,22.164282778272216
Naive,0.6,14.844783215666023
Naive,0.6,19.158476229194083
Naive,0.6,18.525594044309923
Naive,0.6,31.562843335812815
Naive,0.6,22.98900034774778
Naive,0.6,16.83082446936646
Naive,0.6,21.30723675367056
Naive,0.6,10.758531163040553
Naive,0.6,25.13427766426872
Naive,0.6,14.164370761417127
Naive,0.6,17.422584581890224
Naive,0.6,12.780781793036974
Naive,0.6,18.717377457451576
Naive,0.6,25.406193938077283
Naive,0.6,17.404636619780067
Naive,0.6,16.33270735923132
Naive,0.6,22.016268120999865
Naive,0.6,17.895329768133784
Naive,0.6,13.531755020474263
Naive,0.6,22.527348895407897
Naive,0.6,22.421413957468115
Naive,0.6,23.63704256600914
Naive,0.6,21.980964022334355
Naive,0.6,13.991180423926357
Naive,0.6,18.345250049687543
Naive,0.6,14.002294197602282
Naive,0.6,23.045639009493605
Naive,0.6,22.20009756244209
Naive,0.6,24.763092856651664
Naive,0.6,23.67135216309018
Naive,0.6,16.277953423591587
Naive,0.6,21.788111249203475
Naive,0.6,19.282895933469536
Naive,0.6,17.023877172959708
Naive,0.6,23.151730021082617
Naive,0.6,13.605973542201482
Naive,0.6,13.800172094258086
Naive,0.6,23.86171231046884
Naive,0.6,23.648730146245395
Naive,0.6,19.197839300711735
Naive,0.6,13.650334003014509
Naive,0.6,21.11787046777267
Naive,0.6,15.238564345424725
Naive,0.6,15.68870015321358
Naive,0.6,21.193585034384405
Naive,0.6,14.806274583652488
Naive,0.6,21.218000532482115
Naive,0.6,21.677400673271865
Naive,0.6,14.417112245374772
Naive,0.6,11.4803632179936
Naive,0.6,16.96413015981326
Naive,0.6,14.058631433253236
Naive,0.6,18.236442364158197
Naive,0.6,25.080904190320318
Naive,0.6,22.71426074754464
Naive,0.6,23.679809219697272
Naive,0.6,20.332357652596453
Naive,0.6,17.58755161964728
Naive,0.6,21.072874770137744
Naive,0.6,22.96355415702259
Naive,0.6,24.05019334605649
Naive,0.6,24.203864596554727
Naive,0.6,19.058194674532956
Naive,0.6,22.224198524256508
Naive,0.6,23.844857672427217
Naive,0.6,20.487320664759622
Naive,0.6,15.691188598270125
Naive,0.6,19.03419762493613
Naive,0.6,20.032358038958193
Naive,0.6,20.023293727733908
Naive,0.6,24.558682758408615
Naive,0.6,20.98239966727629
Naive,0.6,1193.295991166213
Naive,0.6,15.464975602782104
Naive,0.6,22.79393897279681
Naive,0.6,23.994247684944025
Naive,0.6,16.85716881687965
Naive,0.6,17.47915719541751
Naive,0.6,20.306390969946037
Naive,0.6,23.30453465414644
Naive,0.6,14.561882434378555
Naive,0.6,11.004673654983986
Naive,0.6,22.66811956395003
Naive,0.6,17.780719514743765
Naive,0.6,25.25724488663801
Naive,0.6,13.795219959095638
Naive,0.6,20.183528024845042
Naive,0.6,17.840838984282623
Naive,0.6,15.818833782832648
Naive,0.6,23.60530712036708
Naive,0.6,20.38204463734129
Naive,0.6,17.15464904856068
Naive,0.6,18.270011479255647
Naive,0.6,16.89540514341363
Naive,0.6,21.85356702174605
Naive,0.6,15.252375624847968
Naive,0.6,11.627155736057995
Naive,0.6,18.478697679222233
Naive,0.6,19.05008916595228
Naive,0.6,11.471800238748582
Naive,0.6,15.545554613983342
Naive,0.6,16.164946437803952
Naive,0.6,14.551781742847444
Naive,0.6,23.442615751976412
Naive,0.6,14.229855873054532
Naive,0.6,22.291403153585243
Naive,0.6,21.966086928563527
Naive,0.6,20.85796317096923
Naive,0.6,14.287000439420286
Naive,0.6,21.154789817446808
Naive,0.6,13.867164428989646
Naive,0.6,21.996964535240195
Naive,0.6,16.245181676576614
Naive,0.6,16.976336936198635
Naive,0.6,18.042159796333404
Naive,0.6,13.155786602983639
Naive,0.6,23.39718585776956
Naive,0.6,23.118794553249046
Naive,0.6,16.687495123800574
Naive,0.6,12.085258223486296
Naive,0.6,17.448532815422723
Naive,0.6,15.19215921302008
Naive,0.6,24.663875969331933
Naive,0.6,13.759592214052754
Naive,0.6,22.493527173665143
Naive,0.6,20.64220356924804
Naive,0.6,15.206549760388082
Naive,0.6,15.210230951385618
Naive,0.6,16.868238402279975
Naive,0.6,21.771412676917446
Naive,0.6,22.454509148915196
Naive,0.6,22.80534824040542
Naive,0.6,19.467556474688692
Naive,0.6,15.965787801313988
Naive,0.6,20.573778382256254
Naive,0.6,11.45144225691458
Naive,0.6,17.533104511742433
Naive,0.6,14.03682952610707
Naive,0.6,13.734086067551956
Naive,0.6,21.327700418867025
Naive,0.6,14.190382285567964
Naive,0.6,23.21199066387381
Naive,0.6,19.93551537075533
Naive,0.6,22.23723883237073
Naive,0.6,15.08703785496689
Naive,0.6,17.314000675562998
Naive,0.6,15.578671158832657
Naive,0.6,1246.7394358106292
Naive,0.6,15.42189220375868
Naive,0.6,21.113146982825555
Naive,0.6,17.612737961943182
Naive,0.6,16.384769578611227
Naive,0.6,22.67861753575463
Naive,0.6,21.00909355292274
Naive,0.6,21.209804324781466
Naive,0.6,13.781078040976732
Naive,0.6,23.51238961725159
Naive,0.6,14.793334363382504
Naive,0.6,29.297026448961574
Naive,0.6,13.453769555758315
Naive,0.6,14.795091370952512
Naive,0.6,22.022367984133126
Naive,0.6,18.370604307247106
Naive,0.6,24.899869904153945
Naive,0.6,20.707255917141847
Naive,0.6,34.9564712365567
Naive,0.6,15.967301088775145
Naive,0.6,20.73107693201081
Naive,0.6,25.669349523973704
Naive,0.6,17.702905152501597
Naive,0.6,20.05073557046082
Naive,0.6,27.975294539474493
Naive,0.6,13.885352106988567
Naive,0.6,21.106083931904195
Naive,0.6,15.323920242613749
Naive,0.6,23.45251038793103
Naive,0.6,23.582328240446632
Naive,0.6,26.587958295885713
Naive,0.6,1670.7749476254323
Naive,0.6,19.203333973983792
Naive,0.6,19.828467881185798
Naive,0.6,21.20800605799694
Naive,0.6,23.670807664660085
Naive,0.6,1499.104739765663
Naive,0.6,19.2704207476639
Naive,0.6,18.859279953712424
Naive,0.6,14.277525848546881
Naive,0.6,18.0346562557288
Naive,0.6,16.416069557354078
Naive,0.6,19.505220613929264
Naive,0.6,33.61802673349551
Naive,0.6,22.34834461333153
Naive,0.6,13.39578812842837
Naive,0.6,15.234614311787567
Naive,0.6,21.4943708254105
Naive,0.6,14.113613749600532
Naive,0.6,19.486875428304625
Naive,0.6,14.249614578337447
Naive,0.6,18.228645816343377
Naive,0.6,15.887048429004752
Naive,0.6,13.820573974820524
Naive,0.6,22.094292922982774
Naive,0.6,13.436538597644251
Naive,0.6,20.41884967838276
Naive,0.6,20.481333257438486
Naive,0.6,14.332853749297826
Naive,0.6,28.771745924490528
Naive,0.6,22.364729869155354
Naive,0.6,19.126146191338588
Naive,0.6,24.022439876625825
Naive,0.6,18.06673331110056
Naive,0.6,24.25924095934761
Naive,0.6,11.894818131786488
Naive,0.6,14.814139321728957
Naive,0.6,21.29681323111949
Naive,0.6,17.685419059185428
Naive,0.6,22.834586129713916
Naive,0.6,15.466883808735579
Naive,0.6,16.380107733017496
Naive,0.6,25.752949736733786
Naive,0.6,15.169470327283571
Naive,0.6,15.709366871209347
Naive,0.6,20.350428157245045
Naive,0.6,17.300336993646695
Naive,0.6,31.85009919560206
Naive,0.6,17.345586526672893
Naive,0.6,21.5115253800611
Naive,0.6,19.908365939902314
Naive,0.6,20.58859622815438
Naive,0.6,14.209177472420963
Naive,0.6,21.7572329668164
Data splitting,0.7,32.619164512429826
Data splitting,0.7,39.07964196533283
Data splitting,0.7,20.025412794194548
Data splitting,0.7,35.17851725794443
Data splitting,0.7,33.86269597768194
Data splitting,0.7,35.89860998460319
Data splitting,0.7,46.06868044766747
Data splitting,0.7,46.53904937593165
Data splitting,0.7,40.98640896142988
Data splitting,0.7,29.830067361892823
Data splitting,0.7,31.16650086313234
Data splitting,0.7,19.93893269536032
Data splitting,0.7,33.13909121229098
Data splitting,0.7,30.20369517189845
Data splitting,0.7,30.003591707925967
Data splitting,0.7,51.72147185051575
Data splitting,0.7,33.10693046817164
Data splitting,0.7,48.32962065409761
Data splitting,0.7,57.332178604908165
Data splitting,0.7,29.42162952197331
Data splitting,0.7,45.35550508418855
Data splitting,0.7,61.1500783812767
Data splitting,0.7,43.287170181101956
Data splitting,0.7,30.893259962584374
Data splitting,0.7,35.3027971501585
Data splitting,0.7,46.345936061399385
Data splitting,0.7,29.185732145278145
Data splitting,0.7,29.40734870459432
Data splitting,0.7,29.97730383885248
Data splitting,0.7,14017.02317481475
Data splitting,0.7,54.07325609456076
Data splitting,0.7,41.24959873099422
Data splitting,0.7,37.62826256788028
Data splitting,0.7,28.309392055298407
Data splitting,0.7,57.336608673924566
Data splitting,0.7,49.11045844788154
Data splitting,0.7,53.18057018019704
Data splitting,0.7,31.08097366007465
Data splitting,0.7,5973.739062471769
Data splitting,0.7,1658.7298389087348
Data splitting,0.7,49.575388687196686
Data splitting,0.7,32.200901350542125
Data splitting,0.7,40.36328057510807
Data splitting,0.7,31.956449485230344
Data splitting,0.7,46.16196403895851
Data splitting,0.7,35.82264756422102
Data splitting,0.7,33.93609528844673
Data splitting,0.7,36.93297106068284
Data splitting,0.7,32.20537858241163
Data splitting,0.7,27.740691872699824
Data splitting,0.7,56.19508168557873
Data splitting,0.7,43.33681540110152
Data splitting,0.7,35.90590622536333
Data splitting,0.7,29.440762936394
Data splitting,0.7,27.155923400639598
Data splitting,0.7,39.67463125665772
Data splitting,0.7,25.378244056268308
Data splitting,0.7,51.359160858904815
Data splitting,0.7,29.982328199412997
Data splitting,0.7,35.63793448053353
Data splitting,0.7,38.820610933886734
Data splitting,0.7,34.26616969887803
Data splitting,0.7,2840.3199264084415
Data splitting,0.7,16.2774163983947
Data splitting,0.7,6667.626672152614
Data splitting,0.7,36.659532518955544
Data splitting,0.7,47.560372855729554
Data splitting,0.7,31.879533617098915
Data splitting,0.7,51.32327497443225
Data splitting,0.7,43.17335452447766
Data splitting,0.7,29.85810073965254
Data splitting,0.7,29.93462999755573
Data splitting,0.7,51.149220422001626
Data splitting,0.7,55.430409869706466
Data splitting,0.7,48.96385387732129
Data splitting,0.7,28.433067645717486
Data splitting,0.7,36.12706729243664
Data splitting,0.7,18.447621599702412
Data splitting,0.7,27.238156110324304
Data splitting,0.7,639.7877719334838
Data splitting,0.7,53.90184545897764
Data splitting,0.7,26.93209413169949
Data splitting,0.7,36.64348863160619
Data splitting,0.7,44.61615102301251
Data splitting,0.7,47.2225653317163
Data splitting,0.7,37.46449956856335
Data splitting,0.7,23.057381331649648
Data splitting,0.7,36.23209697586503
Data splitting,0.7,39.9097323394184
Data splitting,0.7,28.18415224888185
Data splitting,0.7,42.47774964729676
Data splitting,0.7,45.85751145759426
Data splitting,0.7,26.05263243514357
Data splitting,0.7,48.589013588815966
Data splitting,0.7,28.854253601062958
Data splitting,0.7,29.51961322219142
Data splitting,0.7,44.85230715399692
Data splitting,0.7,52.21321650099307
Data splitting,0.7,38.73416101483637
Data splitting,0.7,43.307586929980026
Data splitting,0.7,40.45387007084865
Data splitting,0.7,34.223439783668525
Data splitting,0.7,32.745601023907696
Data splitting,0.7,61.01988663177745
Data splitting,0.7,39.46542753954499
Data splitting,0.7,36.64601711294952
Data splitting,0.7,61.26768080273563
Data splitting,0.7,48.02868498663209
Data splitting,0.7,43.934198103043315
Data splitting,0.7,33.177923803610284
Data splitting,0.7,30.286793006340254
Data splitting,0.7,37.3732213039016
Data splitting,0.7,5703.9589511983895
Data splitting,0.7,51.66030422738196
Data splitting,0.7,50.85145090146816
Data splitting,0.7,19.77022615417777
Data splitting,0.7,42.69994405531522
Data splitting,0.7,26.843493814672343
Data splitting,0.7,35.54356693140756
Data splitting,0.7,34.20030825104028
Data splitting,0.7,48.62999905644467
Data splitting,0.7,50.09533294366792
Data splitting,0.7,33.21585421073325
Data splitting,0.7,43.23056339356039
Data splitting,0.7,37.875867849571044
Data splitting,0.7,38.893703448504
Data splitting,0.7,36.70941921342915
Data splitting,0.7,41.97404875019036
Data splitting,0.7,39.67000153118918
Data splitting,0.7,36.013561767193174
Data splitting,0.7,43.2991222568172
Data splitting,0.7,44.08540081120302
Data splitting,0.7,32.00736811187279
Data splitting,0.7,28.24790761874637
Data splitting,0.7,43.84727638384564
Data splitting,0.7,28.457250872142072
Data splitting,0.7,37.09211664761344
Data splitting,0.7,39.33030174994492
Data splitting,0.7,24.634958086451263
Data splitting,0.7,40.72510035278865
Data splitting,0.7,20.816969412713348
Data splitting,0.7,40.62909177074278
Data splitting,0.7,43.36265471132293
Data splitting,0.7,42.732900168912224
Data splitting,0.7,23.17618744834826
Data splitting,0.7,41.526431030840776
Data splitting,0.7,40.23779397792128
Data splitting,0.7,27.372568025043744
Data splitting,0.7,35.18265140760321
Data splitting,0.7,16893.438162882838
Data splitting,0.7,28.32699311519008
Data splitting,0.7,44.43190014307462
Data splitting,0.7,54.75309155200417
Data splitting,0.7,20.593991954702368
Data splitting,0.7,70.54293673444026
Data splitting,0.7,27.81704013962743
Data splitting,0.7,31.29136661868232
Data splitting,0.7,29.892917111021006
Data splitting,0.7,25.61673681375879
Data splitting,0.7,36.76366724475285
Data splitting,0.7,33.79610559109314
Data splitting,0.7,19.704571225903635
Data splitting,0.7,35.726124963029065
Data splitting,0.7,36.17861063995714
Data splitting,0.7,51.95932947853343
Data splitting,0.7,36.52032798784239
Data splitting,0.7,59.803507744320605
Data splitting,0.7,17.283089432028593
Data splitting,0.7,36.39361154794046
Data splitting,0.7,50.5202757056816
Data splitting,0.7,45.11195548575777
Data splitting,0.7,53.38247519662344
Data splitting,0.7,28.663464074578997
Data splitting,0.7,39.30528997773286
Data splitting,0.7,43.880643438778634
Data splitting,0.7,26.794144140127326
Data splitting,0.7,31.569780946724883
Data splitting,0.7,40.288681141388594
Data splitting,0.7,33.32928121244007
Data splitting,0.7,44.51546465686599
Data splitting,0.7,76.90586576744205
Data splitting,0.7,45.10474836962447
Data splitting,0.7,47.08679251446812
Data splitting,0.7,27.161527915523248
Data splitting,0.7,41.12830941266095
Data splitting,0.7,47.97540449774747
Data splitting,0.7,56.37884742677797
Data splitting,0.7,31.39659718372227
Data splitting,0.7,32.53625653336534
Data splitting,0.7,40.436077022710954
Data splitting,0.7,30.948018710427757
Data splitting,0.7,36.18713680681333
Data splitting,0.7,58.99496582753453
Data splitting,0.7,37.45427177804473
Data splitting,0.7,22.34072377516863
Data splitting,0.7,38.182454265780905
Data splitting,0.7,48.2195313039092
Data splitting,0.7,28.261749879331596
Data splitting,0.7,30.88235018373
Data splitting,0.7,30.863959954590776
Data splitting,0.7,46.38234293030791
Data splitting,0.7,8555.690699972218
Data splitting,0.7,49.0390492115806
Data splitting,0.7,34.58699029063806
Data splitting,0.7,45.0285473181932
Data splitting,0.7,29.119310710606328
Data splitting,0.7,21.650321002523118
Data splitting,0.7,36.86841458156091
Data splitting,0.7,21.743981425635457
Data splitting,0.7,34.079620923955694
Data splitting,0.7,38.00056067683112
Data splitting,0.7,57.026850724681616
Data splitting,0.7,27.119696420821853
Data splitting,0.7,25.113677386303035
Data splitting,0.7,59.94974591592584
Data splitting,0.7,28.166980126070545
Data splitting,0.7,45.70068803518288
Data splitting,0.7,33.89882147185222
Data splitting,0.7,33.924047622055845
Data splitting,0.7,30.41427992586444
Data splitting,0.7,33.2248032100457
Data splitting,0.7,44.168082019255756
Data splitting,0.7,22.29072868932492
Data splitting,0.7,35.67278839810814
Data splitting,0.7,26.47856245395881
Data splitting,0.7,29.484972268185622
Data splitting,0.7,33.38160448211462
Data splitting,0.7,61.77947722331121
Data splitting,0.7,25.021737373041574
Data splitting,0.7,40.68256759955484
Data splitting,0.7,25.495394077275982
Post-GL,0.7,13.461635468193517
Post-GL,0.7,24.19345309849437
Post-GL,0.7,20.715138378775038
Post-GL,0.7,49.1097057341133
Post-GL,0.7,18.914508696353767
Post-GL,0.7,27.249512705791854
Post-GL,0.7,24.497465225478525
Post-GL,0.7,24.231116516918654
Post-GL,0.7,29.50119153602834
Post-GL,0.7,14.801808735629697
Post-GL,0.7,16.152166149155853
Post-GL,0.7,14.064170771324223
Post-GL,0.7,12.078314131462747
Post-GL,0.7,24.781502107761185
Post-GL,0.7,15.665006545069529
Post-GL,0.7,17.230273518010797
Post-GL,0.7,26.378552622879592
Post-GL,0.7,17.360104050003553
Post-GL,0.7,17.376147334687577
Post-GL,0.7,21.617613948374494
Post-GL,0.7,37.59833875326418
Post-GL,0.7,25.062498512151336
Post-GL,0.7,36.90140069531271
Post-GL,0.7,25.70534423848403
Post-GL,0.7,20.780169073932832
Post-GL,0.7,31.23551321773451
Post-GL,0.7,14.195427246383149
Post-GL,0.7,24.25227280640379
Post-GL,0.7,33.8386058905488
Post-GL,0.7,19.252277256801573
Post-GL,0.7,21.55909990370998
Post-GL,0.7,15.278973787703132
Post-GL,0.7,31.942892721195193
Post-GL,0.7,24.366208727130996
Post-GL,0.7,29.36454142216709
Post-GL,0.7,28.156254173393858
Post-GL,0.7,22.974924941748043
Post-GL,0.7,18.322176568531322
Post-GL,0.7,20.568137638198536
Post-GL,0.7,30.670977532948704
Post-GL,0.7,20.897488272250154
Post-GL,0.7,32.24162639990304
Post-GL,0.7,21.98128361520042
Post-GL,0.7,48.995033767321914
Post-GL,0.7,21.310037746263674
Post-GL,0.7,29.04399577963873
Post-GL,0.7,19.34976027535048
Post-GL,0.7,22.725944644563413
Post-GL,0.7,33.1923782357655
Post-GL,0.7,19.072200849020163
Post-GL,0.7,41.53411084909717
Post-GL,0.7,44.611408842848604
Post-GL,0.7,51.82678753138029
Post-GL,0.7,12.785661759644686
Post-GL,0.7,14.500132296405251
Post-GL,0.7,43.36060447015541
Post-GL,0.7,11.096960143428788
Post-GL,0.7,23.026478842962398
Post-GL,0.7,22.72386937662182
Post-GL,0.7,35.59520268070398
Post-GL,0.7,19.322356775744076
Post-GL,0.7,20.309577117784357
Post-GL,0.7,25.258167415996578
Post-GL,0.7,12.78132057430076
Post-GL,0.7,18.343710044329097
Post-GL,0.7,16.600870725831424
Post-GL,0.7,49.88226194418277
Post-GL,0.7,29.277402728505024
Post-GL,0.7,18.74852660532323
Post-GL,0.7,24.298814228440687
Post-GL,0.7,30.978136938084322
Post-GL,0.7,42.9101686034124
Post-GL,0.7,21.457229038149876
Post-GL,0.7,11.775512853980956
Post-GL,0.7,44.35449146872454
Post-GL,0.7,23.50135768888443
Post-GL,0.7,43.080156762345055
Post-GL,0.7,22.992031966781774
Post-GL,0.7,18.37143092645693
Post-GL,0.7,12.65288646991628
Post-GL,0.7,41.5643353371197
Post-GL,0.7,22.23077058916677
Post-GL,0.7,25.15477730297137
Post-GL,0.7,21.3396506716066
Post-GL,0.7,37.20178185617129
Post-GL,0.7,28.60832988072907
Post-GL,0.7,60.9904117594037
Post-GL,0.7,21.27487826901076
Post-GL,0.7,17.605667813723716
Post-GL,0.7,24.178876866428844
Post-GL,0.7,29.617686977850845
Post-GL,0.7,15.915033737109
Post-GL,0.7,37.814264027559624
Post-GL,0.7,39.690131399022974
Post-GL,0.7,29.063737337000966
Post-GL,0.7,30.729604083662696
Post-GL,0.7,31.543674257140108
Post-GL,0.7,25.2805378587434
Post-GL,0.7,39.42849275419909
Post-GL,0.7,13.260388172207156
Post-GL,0.7,40.86032772148888
Post-GL,0.7,35.07358326099406
Post-GL,0.7,17.57932168209504
Post-GL,0.7,20.088195013411667
Post-GL,0.7,16.674495984465274
Post-GL,0.7,25.36541146165885
Post-GL,0.7,32.97048436845088
Post-GL,0.7,21.757731703682982
Post-GL,0.7,13.615625295892476
Post-GL,0.7,17.30230674618603
Post-GL,0.7,22.117884582792442
Post-GL,0.7,16.95339164051752
Post-GL,0.7,32.16602862706293
Post-GL,0.7,14.521294047822622
Post-GL,0.7,13.135875486216314
Post-GL,0.7,29.508258579010164
Post-GL,0.7,21.529466783522405
Post-GL,0.7,18.184677000460844
Post-GL,0.7,28.45564657987552
Post-GL,0.7,36.86316770763551
Post-GL,0.7,33.138424302700045
Post-GL,0.7,22.51440389951607
Post-GL,0.7,20.57252565556891
Post-GL,0.7,19.772151080200008
Post-GL,0.7,14.927235961254496
Post-GL,0.7,31.83607251791185
Post-GL,0.7,28.68698981426573
Post-GL,0.7,27.908138112022694
Post-GL,0.7,20.987283912909334
Post-GL,0.7,21.92847492836832
Post-GL,0.7,29.689911042757416
Post-GL,0.7,28.4405597764877
Post-GL,0.7,33.44061659819381
Post-GL,0.7,22.616321279950963
Post-GL,0.7,33.460357301138735
Post-GL,0.7,31.651148774632656
Post-GL,0.7,20.607437846414296
Post-GL,0.7,31.946041236659372
Post-GL,0.7,33.17000439197588
Post-GL,0.7,42.143695888040384
Post-GL,0.7,22.688911631693536
Post-GL,0.7,20.233346755045062
Post-GL,0.7,13.928689088665172
Post-GL,0.7,67.27010457658604
Post-GL,0.7,19.546023125567856
Post-GL,0.7,30.450883991689498
Post-GL,0.7,17.347246262041573
Post-GL,0.7,29.831005455341383
Post-GL,0.7,18.164473752737678
Post-GL,0.7,25.938969355186448
Post-GL,0.7,22.835592911879466
Post-GL,0.7,22.28418517547076
Post-GL,0.7,14.737972488151952
Post-GL,0.7,15.442539048865267
Post-GL,0.7,13.877861333312483
Post-GL,0.7,16.744061637770063
Post-GL,0.7,27.312488766921525
Post-GL,0.7,22.671419037349114
Post-GL,0.7,30.591042955785994
Post-GL,0.7,16.38447585529156
Post-GL,0.7,33.02953008708647
Post-GL,0.7,35.21796540150902
Post-GL,0.7,13.35278801743134
Post-GL,0.7,18.847746015331133
Post-GL,0.7,15.319463427881203
Post-GL,0.7,18.978872772474382
Post-GL,0.7,18.58691731136773
Post-GL,0.7,26.314270714564547
Post-GL,0.7,25.712787053186698
Post-GL,0.7,22.35633348430628
Post-GL,0.7,21.617994692973053
Post-GL,0.7,26.35606793941517
Post-GL,0.7,37.45866877654765
Post-GL,0.7,15.181362394556992
Post-GL,0.7,38.390915323720236
Post-GL,0.7,24.91028623332532
Post-GL,0.7,14.696296974248904
Post-GL,0.7,18.60890232758846
Post-GL,0.7,19.978871528547543
Post-GL,0.7,14.275077335183928
Post-GL,0.7,20.712493588254762
Post-GL,0.7,24.259496659684277
Post-GL,0.7,17.938548733672935
Post-GL,0.7,16.861909537239345
Post-GL,0.7,28.91241990650698
Post-GL,0.7,21.98055556564458
Post-GL,0.7,27.032231232518416
Post-GL,0.7,30.5067490914975
Post-GL,0.7,14.280461117010965
Post-GL,0.7,23.988605593456175
Post-GL,0.7,30.017955901884093
Post-GL,0.7,21.473822551836825
Post-GL,0.7,21.526623748647843
Post-GL,0.7,14.242824774220992
Post-GL,0.7,30.773509057569225
Post-GL,0.7,48.350221527347735
Post-GL,0.7,30.337118476771074
Post-GL,0.7,26.94382507070089
Post-GL,0.7,18.316646282199883
Post-GL,0.7,28.31570443290008
Post-GL,0.7,18.279065176302073
Post-GL,0.7,29.40650417598341
Post-GL,0.7,21.503110029925733
Post-GL,0.7,47.0084890149119
Post-GL,0.7,36.894380388251655
Post-GL,0.7,32.923857594630725
Post-GL,0.7,15.41669392664176
Post-GL,0.7,14.40112770085026
Post-GL,0.7,18.813597979089366
Post-GL,0.7,24.007387098546605
Post-GL,0.7,34.49315721892376
Post-GL,0.7,22.30990564580897
Post-GL,0.7,24.244032083226383
Post-GL,0.7,17.8095492168453
Post-GL,0.7,42.932112635228705
Post-GL,0.7,15.651707201919873
Post-GL,0.7,15.14973863162418
Post-GL,0.7,22.388153444234202
Post-GL,0.7,15.945197617606606
Post-GL,0.7,22.143038364652924
Post-GL,0.7,21.150783004417622
Post-GL,0.7,30.695359037801722
Post-GL,0.7,63.78838295633475
Post-GL,0.7,49.00994945725126
Post-GL,0.7,22.89381579140368
Post-GL,0.7,25.51362629198124
Post-GL,0.7,15.365398807501137
Post-GL,0.7,55.79882871405889
Post-GL,0.7,22.325497332344526
Post-GL,0.7,17.304417057580242
Post-GL,0.7,24.671717519081405
Naive,0.7,21.014720129195513
Naive,0.7,15.094880176237497
Naive,0.7,14.623934337456664
Naive,0.7,13.89019463923983
Naive,0.7,16.61188302443826
Naive,0.7,16.583518363130118
Naive,0.7,16.32935481988326
Naive,0.7,21.831132471848516
Naive,0.7,15.742741491678505
Naive,0.7,14.459781840661098
Naive,0.7,15.85440932524832
Naive,0.7,20.86797285380979
Naive,0.7,20.80422103536659
Naive,0.7,17.13283196276681
Naive,0.7,34.72979548433964
Naive,0.7,20.649058823116185
Naive,0.7,19.86547924119895
Naive,0.7,22.06169654699412
Naive,0.7,18.557523255547185
Naive,0.7,15.052266413507686
Naive,0.7,21.11969131694994
Naive,0.7,25.372522654419676
Naive,0.7,21.805294506327787
Naive,0.7,12.924204781296616
Naive,0.7,14.629174104875782
Naive,0.7,20.190232594878097
Naive,0.7,15.063260879829846
Naive,0.7,18.467784176532998
Naive,0.7,15.214299198509233
Naive,0.7,32.903578196634214
Naive,0.7,23.389472018942556
Naive,0.7,13.358284183998192
Naive,0.7,19.61527731280809
Naive,0.7,14.635280573692608
Naive,0.7,24.933398453307
Naive,0.7,22.212033135317895
Naive,0.7,31.43281326306118
Naive,0.7,13.779145925358922
Naive,0.7,22.71529561798836
Naive,0.7,17.142400764137715
Naive,0.7,21.627255201168882
Naive,0.7,21.295540326383477
Naive,0.7,17.29855321446862
Naive,0.7,20.53977358182599
Naive,0.7,20.9596608216794
Naive,0.7,21.028851949197723
Naive,0.7,22.192903890252783
Naive,0.7,19.43252722571034
Naive,0.7,15.343193416607875
Naive,0.7,14.67383158199325
Naive,0.7,27.21293797839265
Naive,0.7,13.895288594672015
Naive,0.7,18.875963888080992
Naive,0.7,15.547187804770756
Naive,0.7,11.493882698188846
Naive,0.7,21.469554392182115
Naive,0.7,14.38703695317372
Naive,0.7,18.370272290326508
Naive,0.7,14.727565714002926
Naive,0.7,19.442717803347357
Naive,0.7,41.88830465630583
Naive,0.7,19.71383666790009
Naive,0.7,18.331541802371728
Naive,0.7,11.72257965941399
Naive,0.7,20.779906574995696
Naive,0.7,23.556118591879606
Naive,0.7,25.89823085401619
Naive,0.7,23.936770556241374
Naive,0.7,18.644109339141473
Naive,0.7,18.29097270582613
Naive,0.7,21.371919537973636
Naive,0.7,21.450579744233305
Naive,0.7,24.84406921254743
Naive,0.7,14.826350317520195
Naive,0.7,27.379202647394866
Naive,0.7,15.136691925660962
Naive,0.7,18.988868567014666
Naive,0.7,16.163865831902697
Naive,0.7,16.367915221796373
Naive,0.7,20.35972969791454
Naive,0.7,20.805635513405427
Naive,0.7,14.744057433228273
Naive,0.7,18.72917471289456
Naive,0.7,22.323679570366934
Naive,0.7,21.73646219699425
Naive,0.7,20.30820903774986
Naive,0.7,32.03162208248463
Naive,0.7,20.81893044495572
Naive,0.7,20.53296186375036
Naive,0.7,15.552621448787358
Naive,0.7,25.669616375705402
Naive,0.7,27.80487197062518
Naive,0.7,21.694283896418586
Naive,0.7,21.472365283096302
Naive,0.7,13.579672835926832
Naive,0.7,17.555521162045782
Naive,0.7,25.286844909689762
Naive,0.7,21.42324206545169
Naive,0.7,14.20425150081627
Naive,0.7,23.82252720534972
Naive,0.7,21.0696045347949
Naive,0.7,18.215248254495815
Naive,0.7,16.309011179108627
Naive,0.7,15.32891971419754
Naive,0.7,22.19505887819487
Naive,0.7,16.82756811509163
Naive,0.7,22.017743395974474
Naive,0.7,19.79232408537756
Naive,0.7,15.168346256348613
Naive,0.7,16.23573899582458
Naive,0.7,18.984582956649003
Naive,0.7,19.101986736124417
Naive,0.7,32.66581688990292
Naive,0.7,13.571924431862998
Naive,0.7,22.671250600094286
Naive,0.7,21.289534735173433
Naive,0.7,25.22804866727361
Naive,0.7,14.294791358489903
Naive,0.7,20.587215674175773
Naive,0.7,20.64371597733195
Naive,0.7,32.622837718014374
Naive,0.7,21.350970470692832
Naive,0.7,15.278632217668921
Naive,0.7,18.546029929047535
Naive,0.7,11.888865853682479
Naive,0.7,16.35547758999538
Naive,0.7,22.713187262702952
Naive,0.7,36.21531769270396
Naive,0.7,25.41125912150791
Naive,0.7,22.443299985618015
Naive,0.7,17.835546597678434
Naive,0.7,20.0365370204514
Naive,0.7,25.109877625240905
Naive,0.7,15.710577771131792
Naive,0.7,22.872793250394775
Naive,0.7,23.54475318514572
Naive,0.7,19.86017761238635
Naive,0.7,24.68218909184787
Naive,0.7,12.248399084816466
Naive,0.7,21.38232256432245
Naive,0.7,18.576427850432292
Naive,0.7,16.586848175233673
Naive,0.7,21.475404801175436
Naive,0.7,17.712658351550356
Naive,0.7,17.626484652762457
Naive,0.7,21.946573263362055
Naive,0.7,22.385631585072474
Naive,0.7,17.727682206572798
Naive,0.7,17.814080871098852
Naive,0.7,22.80534824040542
Naive,0.7,19.467556474688692
Naive,0.7,15.965787801313988
Naive,0.7,20.573778382256254
Naive,0.7,11.45144225691458
Naive,0.7,17.533104511742433
Naive,0.7,14.03682952610707
Naive,0.7,13.734086067551956
Naive,0.7,13.80920606382485
Naive,0.7,17.555305524564357
Naive,0.7,20.959054555769335
Naive,0.7,23.8139402977347
Naive,0.7,14.702286948159308
Naive,0.7,14.546218544050655
Naive,0.7,23.536282502971336
Naive,0.7,10.889540885446586
Naive,0.7,20.083103139218874
Naive,0.7,21.501503250765246
Naive,0.7,16.42985337247514
Naive,0.7,13.923154745850846
Naive,0.7,22.589091473440014
Naive,0.7,19.773228910703878
Naive,0.7,23.13064028909644
Naive,0.7,19.253613293896727
Naive,0.7,13.806176449287669
Naive,0.7,23.378448825861884
Naive,0.7,27.048548220503232
Naive,0.7,14.636054884112497
Naive,0.7,16.206142157877217
Naive,0.7,18.61221257258746
Naive,0.7,22.16061252063439
Naive,0.7,30.635658231023424
Naive,0.7,23.668197124835444
Naive,0.7,20.673220488285803
Naive,0.7,17.75493340526517
Naive,0.7,13.793151649604615
Naive,0.7,14.327998186810873
Naive,0.7,22.25239860907392
Naive,0.7,19.048093532076503
Naive,0.7,18.715295590239606
Naive,0.7,24.99402563613389
Naive,0.7,20.697865718514226
Naive,0.7,21.856662243546165
Naive,0.7,22.004519342406486
Naive,0.7,17.246197454243955
Naive,0.7,31.576113953149033
Naive,0.7,35.70825181005942
Naive,0.7,24.20570497628149
Naive,0.7,13.928893697550459
Naive,0.7,18.23015693259957
Naive,0.7,16.81289325586058
Naive,0.7,16.239913115571415
Naive,0.7,29.850514984214552
Naive,0.7,17.634569583323703
Naive,0.7,23.134024872361895
Naive,0.7,21.661816408777923
Naive,0.7,16.823999798645296
Naive,0.7,16.173958932279426
Naive,0.7,19.25310947215698
Naive,0.7,21.01764968249154
Naive,0.7,16.026173547366163
Naive,0.7,20.974775734021968
Naive,0.7,13.34268495641057
Naive,0.7,22.04188869609601
Naive,0.7,14.032858811819859
Naive,0.7,20.779221364206464
Naive,0.7,15.277098701229987
Naive,0.7,21.85993832456914
Naive,0.7,16.169749511347696
Naive,0.7,16.611002837937708
Naive,0.7,18.294520646247634
Naive,0.7,13.282615593135514
Naive,0.7,16.004089708328898
Naive,0.7,18.962688451974167
Naive,0.7,22.905834655451294
Naive,0.7,13.97649043233649
Naive,0.7,17.067191359183724
Naive,0.7,19.870120777426514
Naive,0.7,23.238578583216775
Naive,0.7,21.58917605053112
Naive,0.7,19.78270463372317
Naive,0.7,21.32345903148975
Data splitting,0.8,78.01136088097088
Data splitting,0.8,35.34225816029934
Data splitting,0.8,73.87661333377606
Data splitting,0.8,51.677958650071204
Data splitting,0.8,69.4865579690254
Data splitting,0.8,60.20320236601703
Data splitting,0.8,63.7713458866996
Data splitting,0.8,30.410191701626513
Data splitting,0.8,4219.427912092999
Data splitting,0.8,64.26074533332391
Data splitting,0.8,59.147254452538874
Data splitting,0.8,50.93361771577095
Data splitting,0.8,35.81600384897299
Data splitting,0.8,38.59097221898654
Data splitting,0.8,65.29620176009543
Data splitting,0.8,36.301936333281915
Data splitting,0.8,37.63795364782288
Data splitting,0.8,61.905166062247716
Data splitting,0.8,47.01022719950027
Data splitting,0.8,45.81361569669316
Data splitting,0.8,16097.31815945876
Data splitting,0.8,37.8345979176352
Data splitting,0.8,36.287742884637424
Data splitting,0.8,48.64207072719064
Data splitting,0.8,46.24430636603124
Data splitting,0.8,55.44712915081889
Data splitting,0.8,24.57492149753816
Data splitting,0.8,61.64594091163091
Data splitting,0.8,67.94580382300113
Data splitting,0.8,45.81009517024091
Data splitting,0.8,52.571932037301714
Data splitting,0.8,30.80869424047266
Data splitting,0.8,53.76856067318357
Data splitting,0.8,46.19162597033508
Data splitting,0.8,65.52122839966714
Data splitting,0.8,46.63954288605908
Data splitting,0.8,61.188086956874535
Data splitting,0.8,30.155702010000415
Data splitting,0.8,58.24999446858768
Data splitting,0.8,34.13672701143386
Data splitting,0.8,1097.8348148302698
Data splitting,0.8,60.38023970212622
Data splitting,0.8,39.53106599688166
Data splitting,0.8,50.240668987005996
Data splitting,0.8,38.66671341309401
Data splitting,0.8,52.64893245062533
Data splitting,0.8,40.202446884002754
Data splitting,0.8,39.02961237540462
Data splitting,0.8,43.371440622263094
Data splitting,0.8,32.25667181499269
Data splitting,0.8,39.21414571822727
Data splitting,0.8,90.50096139850784
Data splitting,0.8,42.69156456893218
Data splitting,0.8,40.06156179312832
Data splitting,0.8,51.28207411213813
Data splitting,0.8,49.54394056320386
Data splitting,0.8,21.913343754331674
Data splitting,0.8,72.50984208516319
Data splitting,0.8,51.65673760718113
Data splitting,0.8,44.57469529800778
Data splitting,0.8,58.21657751553397
Data splitting,0.8,54.32938965382629
Data splitting,0.8,73.98451060888783
Data splitting,0.8,52.588997584516974
Data splitting,0.8,27219.261894974265
Data splitting,0.8,45.37395100910239
Data splitting,0.8,47.54189364950038
Data splitting,0.8,35.57757840074428
Data splitting,0.8,44.64922863533301
Data splitting,0.8,50.092921041353335
Data splitting,0.8,300839.6721682535
Data splitting,0.8,109209.6008253441
Data splitting,0.8,25.058381299740894
Data splitting,0.8,67.89142748854046
Data splitting,0.8,53.69675875799353
Data splitting,0.8,2279.651205265897
Data splitting,0.8,34.15375814949746
Data splitting,0.8,78.38911686238801
Data splitting,0.8,52.39260450156362
Data splitting,0.8,42.38029070112901
Data splitting,0.8,54.030219295170724
Data splitting,0.8,74.14931858027724
Data splitting,0.8,39.462377934841406
Data splitting,0.8,73.3134856389824
Data splitting,0.8,4121.782701512997
Data splitting,0.8,43.30556547422945
Data splitting,0.8,38.75326827053512
Data splitting,0.8,47.41595687845617
Data splitting,0.8,56.755542889409334
Data splitting,0.8,43.265922192247764
Data splitting,0.8,39.97214419344438
Data splitting,0.8,53.68107791139275
Data splitting,0.8,58.79353207207063
Data splitting,0.8,61.924747737300436
Data splitting,0.8,31468.2595658947
Data splitting,0.8,36.991582746644916
Data splitting,0.8,59.67704777190855
Data splitting,0.8,56.25325311231566
Data splitting,0.8,59.99062127802796
Data splitting,0.8,35.93983565882909
Data splitting,0.8,39.62306260425233
Data splitting,0.8,57.68797746758726
Data splitting,0.8,28930.617018345296
Data splitting,0.8,40.58697275469152
Data splitting,0.8,49.49739396313162
Data splitting,0.8,65.9596654995207
Data splitting,0.8,30.352796180556595
Data splitting,0.8,48.92110346605314
Data splitting,0.8,29.98639481116579
Data splitting,0.8,83.18448826174233
Data splitting,0.8,30.66598216614991
Data splitting,0.8,76.79285376070733
Data splitting,0.8,42.922414861505274
Data splitting,0.8,32.5050052692522
Data splitting,0.8,7947.291137186391
Data splitting,0.8,30.332370234870464
Data splitting,0.8,48.87021299748164
Data splitting,0.8,39.65887951365085
Data splitting,0.8,71.83832321838064
Data splitting,0.8,22.202473334750746
Data splitting,0.8,55.03150980841292
Data splitting,0.8,56.272566382248066
Data splitting,0.8,33.517545181142395
Data splitting,0.8,42.408818910084996
Data splitting,0.8,32.827368821240725
Data splitting,0.8,59.04515002258346
Data splitting,0.8,56.161835214082174
Data splitting,0.8,47.339645475433564
Data splitting,0.8,46.661671934895544
Data splitting,0.8,33.58288929054141
Data splitting,0.8,41.53077651277692
Data splitting,0.8,43.346691707029
Post-GL,0.8,14.36576835971936
Post-GL,0.8,27.008223011914108
Post-GL,0.8,26.743706048789956
Post-GL,0.8,31.029675126202555
Post-GL,0.8,25.95872048792784
Post-GL,0.8,27.52204107025987
Post-GL,0.8,14.4635535933265
Post-GL,0.8,19.925052262112253
Post-GL,0.8,70.27216631161221
Post-GL,0.8,23.17672352791135
Post-GL,0.8,28.80366366439541
Post-GL,0.8,18.399988183446688
Post-GL,0.8,26.12929246139172
Post-GL,0.8,31.48307426305396
Post-GL,0.8,52.4784197045002
Post-GL,0.8,19.176656660246103
Post-GL,0.8,34.02226993049706
Post-GL,0.8,42.1519987919192
Post-GL,0.8,37.292270901246376
Post-GL,0.8,31.982697181067536
Post-GL,0.8,18.590668355823418
Post-GL,0.8,27.224430820727836
Post-GL,0.8,13.839330129323514
Post-GL,0.8,15.670057785401514
Post-GL,0.8,24.511477486910827
Post-GL,0.8,35.53806948046209
Post-GL,0.8,17.73556368054499
Post-GL,0.8,17.889985165843974
Post-GL,0.8,30.639722216068453
Post-GL,0.8,14.981613063062017
Post-GL,0.8,43.41921792880173
Post-GL,0.8,13.001829581996905
Post-GL,0.8,32.020903331169734
Post-GL,0.8,30.811833306766573
Post-GL,0.8,23.53102235061447
Post-GL,0.8,28.780457092337947
Post-GL,0.8,14.683239205086316
Post-GL,0.8,20.19199810113275
Post-GL,0.8,31.007436552374514
Post-GL,0.8,43.37975443380118
Post-GL,0.8,65.4914200586423
Post-GL,0.8,33.19397629967467
Post-GL,0.8,30.403376523859116
Post-GL,0.8,40.25443213088907
Post-GL,0.8,77.98803992204795
Post-GL,0.8,56.72341749578835
Post-GL,0.8,27.503080115874297
Post-GL,0.8,26.278832584966505
Post-GL,0.8,27.758184488982664
Post-GL,0.8,15.570431852031017
Post-GL,0.8,17.217718996615876
Post-GL,0.8,34.55081394565824
Post-GL,0.8,21.904081888285283
Post-GL,0.8,22.08970408650337
Post-GL,0.8,13.383896757334325
Post-GL,0.8,20.56807312773834
Post-GL,0.8,27.458551543651026
Post-GL,0.8,35.82217455904598
Post-GL,0.8,13.319847699424823
Post-GL,0.8,89.6747717921694
Post-GL,0.8,21.895774855907536
Post-GL,0.8,16.013310936832475
Post-GL,0.8,34.86832399204657
Post-GL,0.8,60.657819701218806
Post-GL,0.8,21.04230763705029
Post-GL,0.8,33.18391545001351
Post-GL,0.8,16.71037152558265
Post-GL,0.8,24.104399676589253
Post-GL,0.8,29.32652888880003
Post-GL,0.8,40.19376644525024
Post-GL,0.8,23.510125383408358
Post-GL,0.8,49.67508613527415
Post-GL,0.8,19.987244188583624
Post-GL,0.8,50.705274600147746
Post-GL,0.8,16.110196012538204
Post-GL,0.8,48.82882074947097
Post-GL,0.8,25.610348243784145
Post-GL,0.8,16.604442896849438
Post-GL,0.8,27.904791338299876
Post-GL,0.8,27.271413885570716
Post-GL,0.8,31.23844878126669
Post-GL,0.8,27.150370054211436
Post-GL,0.8,20.23652885430363
Post-GL,0.8,42.095975092349164
Post-GL,0.8,53.37151867399124
Post-GL,0.8,19.454294946491398
Post-GL,0.8,41.567456888994315
Post-GL,0.8,26.409733139919307
Post-GL,0.8,26.223369616025582
Post-GL,0.8,15.993025889475172
Post-GL,0.8,21.061975322151625
Post-GL,0.8,23.315017846532932
Post-GL,0.8,33.772133203275985
Post-GL,0.8,62.94089246560123
Post-GL,0.8,11.086706294377601
Post-GL,0.8,19.779187481344866
Post-GL,0.8,14.537737925516359
Post-GL,0.8,18.46998371064689
Post-GL,0.8,28.211392578603967
Post-GL,0.8,12.335993289033617
Post-GL,0.8,18.68519687989613
Post-GL,0.8,20.808486698680934
Post-GL,0.8,28.03828747307067
Post-GL,0.8,37.46893328573792
Post-GL,0.8,64.86052648516683
Post-GL,0.8,21.212713144884617
Post-GL,0.8,18.6019597993592
Post-GL,0.8,23.883410879804902
Post-GL,0.8,25.294200558232433
Post-GL,0.8,19.84863849064596
Post-GL,0.8,28.747881118915604
Post-GL,0.8,21.408516206555774
Post-GL,0.8,18.30000082457813
Post-GL,0.8,25.42898973413201
Post-GL,0.8,16.93693433118954
Post-GL,0.8,25.607556776978583
Post-GL,0.8,25.914758838185264
Post-GL,0.8,26.03379903581743
Post-GL,0.8,20.099288808629467
Post-GL,0.8,20.984757920187175
Post-GL,0.8,48.95413287875476
Post-GL,0.8,32.48836852820273
Post-GL,0.8,23.186696592114092
Post-GL,0.8,18.89252667344703
Post-GL,0.8,35.584582380335476
Post-GL,0.8,30.900733870199122
Post-GL,0.8,36.86089667349196
Post-GL,0.8,25.56607664661028
Post-GL,0.8,20.05562631637994
Post-GL,0.8,152.12377391174232
Post-GL,0.8,22.128816021945607
Post-GL,0.8,17.554846579801033
Naive,0.8,21.014720129195513
Naive,0.8,14.312217263022745
Naive,0.8,16.760949369950918
Naive,0.8,22.613977521202003
Naive,0.8,18.46319939541529
Naive,0.8,24.548454290348975
Naive,0.8,13.85546368169576
Naive,0.8,15.383044474629388
Naive,0.8,33.50488384899684
Naive,0.8,21.512195023032536
Naive,0.8,29.810142203225208
Naive,0.8,22.778008117405335
Naive,0.8,14.846756126713947
Naive,0.8,13.951328092947044
Naive,0.8,24.180154252292603
Naive,0.8,15.765903629020826
Naive,0.8,16.656424482408795
Naive,0.8,24.57354728424997
Naive,0.8,22.49384942185782
Naive,0.8,16.140047931371868
Naive,0.8,29.690189019994662
Naive,0.8,15.68711065750124
Naive,0.8,14.599321331207488
Naive,0.8,17.666542759457304
Naive,0.8,20.25960914087171
Naive,0.8,11.07279727169057
Naive,0.8,11.906021527566503
Naive,0.8,14.76070485537756
Naive,0.8,23.90699967787292
Naive,0.8,11.852549379971228
Naive,0.8,19.409931075893436
Naive,0.8,14.401987383167066
Naive,0.8,32.26369336042634
Naive,0.8,21.101402673071565
Naive,0.8,24.4621880820224
Naive,0.8,16.437102082332842
Naive,0.8,20.153617058262853
Naive,0.8,24.777064246958286
Naive,0.8,21.939307088132853
Naive,0.8,18.078576227462644
Naive,0.8,11.885974237366984
Naive,0.8,22.182476948528464
Naive,0.8,16.34605469229077
Naive,0.8,24.469414421466638
Naive,0.8,14.27032701059559
Naive,0.8,20.913058610284207
Naive,0.8,14.712978296329897
Naive,0.8,20.32676512750206
Naive,0.8,37.61929769141391
Naive,0.8,14.130725429871443
Naive,0.8,14.199342652445168
Naive,0.8,14.96866453303433
Naive,0.8,16.095529425766003
Naive,0.8,14.61473934791558
Naive,0.8,26.285029499621412
Naive,0.8,15.252375624847968
Naive,0.8,11.627155736057995
Naive,0.8,22.804736782673462
Naive,0.8,14.072061927720371
Naive,0.8,1353.7702620648497
Naive,0.8,18.219716280465015
Naive,0.8,19.46544366060847
Naive,0.8,23.224391069490753
Naive,0.8,24.68215501605751
Naive,0.8,23.371717211290775
Naive,0.8,21.086696435083915
Naive,0.8,19.702289081851823
Naive,0.8,18.905643803185626
Naive,0.8,16.522648456969097
Naive,0.8,17.120066431849025
Naive,0.8,32.47130545706354
Naive,0.8,24.238725703362444
Naive,0.8,11.463809348349841
Naive,0.8,14.522281584089036
Naive,0.8,16.851722363890932
Naive,0.8,1064.9101506043387
Naive,0.8,17.255705475618523
Naive,0.8,13.337962087157488
Naive,0.8,15.428805374070928
Naive,0.8,15.319731461999615
Naive,0.8,20.63079632748478
Naive,0.8,15.337430934045349
Naive,0.8,14.622145341738204
Naive,0.8,24.263067379642052
Naive,0.8,24.837241874798423
Naive,0.8,16.085124283720912
Naive,0.8,18.35779176397622
Naive,0.8,18.216357738630027
Naive,0.8,14.493391104199537
Naive,0.8,16.96817048935711
Naive,0.8,25.048630153601785
Naive,0.8,22.972020060130383
Naive,0.8,18.35062263266553
Naive,0.8,24.34862286007312
Naive,0.8,17.987784957432677
Naive,0.8,13.313621310575112
Naive,0.8,20.79878584719201
Naive,0.8,21.562339834953704
Naive,0.8,24.140028966603836
Naive,0.8,15.299054485975507
Naive,0.8,17.018750418850555
Naive,0.8,20.601113068262546
Naive,0.8,10.94496653954885
Naive,0.8,19.862734849600304
Naive,0.8,16.766009508365567
Naive,0.8,16.39829475240192
Naive,0.8,14.120153393593235
Naive,0.8,17.94540850380049
Naive,0.8,14.423678656543027
Naive,0.8,15.69899567966487
Naive,0.8,25.92303841167455
Naive,0.8,20.086775582132205
Naive,0.8,24.52579272394503
Naive,0.8,17.194024785177945
Naive,0.8,35.27504123026819
Naive,0.8,13.984241249197195
Naive,0.8,22.358529316769573
Naive,0.8,24.905207996341026
Naive,0.8,21.79707189299598
Naive,0.8,10.263691386901204
Naive,0.8,22.736402289020738
Naive,0.8,25.291022256903272
Naive,0.8,17.306189158247758
Naive,0.8,17.66388396771838
Naive,0.8,16.708323566501182
Naive,0.8,23.823032048538316
Naive,0.8,25.673906873082235
Naive,0.8,21.18371587295538
Naive,0.8,15.937934118911386
Naive,0.8,15.770081714956111
Naive,0.8,13.834468695044032
Naive,0.8,18.73505248501436
